"method","n","T","observations","repetitions","median_fit_seconds","q25_fit_seconds","q75_fit_seconds","median_covariance_seconds","q25_covariance_seconds","q75_covariance_seconds","peak_rss_mb"
"FD",200,4,800,10,0.04,0.03925,0.04075,0.00900000000000001,0.00900000000000001,0.01,281.578125
"FE",200,4,800,10,0.0680000000000001,0.067,0.07,0.0350000000000001,0.0349999999999999,0.0359999999999999,274.6875
"RE",200,4,800,10,0.0810000000000001,0.0795000000000001,0.086,0.052,0.0512500000000001,0.0547499999999999,265.6875
"FD",200,8,1600,10,0.0405,0.04,0.041,0.01,0.00999999999999993,0.01,269.375
"FE",200,8,1600,10,0.07,0.068,0.07275,0.036,0.036,0.036,262.34375
"RE",200,8,1600,10,0.0825000000000001,0.08025,0.085,0.0530000000000001,0.0529999999999999,0.054,268.390625
"FD",500,4,2000,10,0.0725,0.0710000000000001,0.0739999999999999,0.012,0.0110000000000001,0.012,293.1875
"FE",500,4,2000,10,0.639,0.618,0.66025,0.337,0.321,0.35275,380.546875
"RE",500,4,2000,10,0.753,0.72825,0.769,0.591,0.59025,0.60175,393.515625
