path,bytes,sha256
CITATION.cff,755,a6dba53d65913a6b550ab609da61b77f0a78ba74319f55114cd56c99db2e6e40
empirical_application_empluk/README.md,3122,6f25364aaa99594ae6c93203ea44e68e5f60b3457a4d49d5539e441175679df6
empirical_application_empluk/manuscript_figures/empluk_effect_comparison.pdf,21120,4cc1c6099f15eb8c0303b9884551aa421f5206cd4593c6df0d6d3d7d795423ec
empirical_application_empluk/manuscript_figures/empluk_effect_comparison.png,364993,46d40345d7eee9d12408b5f9a8151b9a9699c9ea912efe248ee81731de787e37
empirical_application_empluk/manuscript_figures/empluk_output_inference.pdf,20862,66a2945736721a4ea06e41750005563cd5a128ddb26b6406e2778369207bb6e4
empirical_application_empluk/manuscript_figures/empluk_output_inference.png,261252,67ea187f9feb72124b75d7fbdd59503fde630a05917d2d7d3b5edc1d7d2b3ace
empirical_application_empluk/manuscript_outputs/basis_sensitivity.csv,1309,31c20c8434498e09b8f66bc45a034862884e9a7a5b6994a7167a44c026c2e0fd
empirical_application_empluk/manuscript_outputs/coefficient_results.csv,461,4640703ccac531b0a94418304a11961d09f4d2eed28a1cf2cd7d48483168d498
empirical_application_empluk/manuscript_outputs/concurvity.csv,360,9ebee505c32c9353b6ff7dc8ebd29c66d7998c3ae312c4b7c8229a494ba2c854
empirical_application_empluk/manuscript_outputs/effect_comparison.csv,127931,f073ad4e8647895779cce6b72c56eaabcf311bdbfb1ca6c1adf72cf3786a298f
empirical_application_empluk/manuscript_outputs/manuscript_summary.txt,22769,c353b2a126a415e6267565003c360dc91adb4939318864ee0823aca01db6d523
empirical_application_empluk/manuscript_outputs/model_comparison.csv,404,2fcb0ee41af599f1b8004e3667476bbe9ef7c07407e608bf7b03d9ab6ebb0ecf
empirical_application_empluk/manuscript_outputs/output_smooth_inference.csv,24877,c294f5b395949fd54170c30ef278fd92ff41049dd31bd2a161946c150a08390e
empirical_application_empluk/manuscript_outputs/output_smooth_inference_fd.csv,24239,96d9b1f74ca9c2b7c5e96911d5d041a4528a85b3393794b6c2dfb48f5c4d444f
empirical_application_empluk/run_empluk_application.R,15313,8aed872e1a60f4bed23ec4c93fce7d74dbad33e395cf02513b3902af8ea1f030
empirical_application_empluk/run_manuscript_application.R,23277,f7c95d037d02d1b5d7ab1bffed840269d591477f6dc45163ba77c2612187f145
empirical_application_snmesp/README.md,2421,fb27a52c25d9fe8c62d80e3847763550553bef62ca13437f91c4433418928f5a
empirical_application_snmesp/run_snmesp_application.R,13556,9cd5a44f7131751c1f1a1789fd2f560d2b4115399ce64dfd0b53c0a279cbb0ff
environment/dependency-versions.csv,784,96d514a6f69f753d42dff1aaf6a04cb02cd9462b11bb950d0ad3bfb2f01b4f04
environment/package-versions.csv,104,1a5b2c980bffbc7485037662d8b03871ce89ea401c0b26d3c0582f843143221a
environment/record_session_info.R,895,00ac4f391d4b188b607e9b5bc0d59ec9bcb1e2ee000cdb8e1052ebe6f969991b
environment/session-info.txt,1575,39594af2ff8d1734549f4c8969849c60230e1dde8c470f6c2883bb6a647da14c
outputs/panel_fe_beta_inference_results_M1000_B0_n200_T4_baseline_btrue1_bnull1_hetero_ar1_rho0p5_dfsubstantive.csv,445203,b72cfadaaed9bb4fda30a8236df05c3f6947bda5188887691e24452622eaf06f
outputs/panel_fe_beta_inference_results_M1000_B0_n200_T4_baseline_btrue1p075_bnull1_hetero_ar1_rho0p5_dfsubstantive.csv,437373,fef783e1aac64200f2a112a1ee4e57b3a4d2843722827cc447b42b8ed0f8ab8f
outputs/panel_fe_beta_inference_results_M1000_B0_n200_T8_baseline_btrue1_bnull1_hetero_ar1_rho0p5_dfsubstantive.csv,445294,23dd8192c22aa00409c8fa4d22d646da8fbed1ef70678ac4ef19f9ca85ccf181
outputs/panel_fe_beta_inference_results_M1000_B0_n200_T8_baseline_btrue1p075_bnull1_hetero_ar1_rho0p5_dfsubstantive.csv,436596,3d1513e5a0ccb19bf12226dfb4fb74c4423d1082ad1207e6e271baeafc94d432
outputs/panel_fe_beta_inference_results_M1000_B0_n500_T4_baseline_btrue1_bnull1_hetero_ar1_rho0p5_dfsubstantive.csv,445185,a26e982d0afa15087a26ec0a9dd52c6697719b4a92c487b37c1a6ea33528054e
outputs/panel_fe_beta_inference_results_M1000_B0_n500_T4_baseline_btrue1p075_bnull1_hetero_ar1_rho0p5_dfsubstantive.csv,436275,740529d311a200f411db1fd3040e9174a83332322123eaf187e82a4f1e1a8823
outputs/panel_fe_beta_inference_summary_M1000_B0_n200_T4_baseline_btrue1_bnull1_hetero_ar1_rho0p5_dfsubstantive.csv,698,c930a54e7d909f0513c897dc7505dce7a22465fdc95780e0a534e27dad4be02b
outputs/panel_fe_beta_inference_summary_M1000_B0_n200_T4_baseline_btrue1p075_bnull1_hetero_ar1_rho0p5_dfsubstantive.csv,696,d501f4b26019f61e3c9deabdcd03dd233c22d045a7c974be0359ee9d6ede8dc8
outputs/panel_fe_beta_inference_summary_M1000_B0_n200_T8_baseline_btrue1_bnull1_hetero_ar1_rho0p5_dfsubstantive.csv,701,ac4dd35b99844022c5452c105ddca613330e42d080f927ee84d43a70e0ea18dd
outputs/panel_fe_beta_inference_summary_M1000_B0_n200_T8_baseline_btrue1p075_bnull1_hetero_ar1_rho0p5_dfsubstantive.csv,698,e96b5aaa3e25a0e7e9d37c38e7fbe939a121b38291e3531f085c2bcce2a592d2
outputs/panel_fe_beta_inference_summary_M1000_B0_n500_T4_baseline_btrue1_bnull1_hetero_ar1_rho0p5_dfsubstantive.csv,700,754d7785464bf510ff734cfba2743a21c91fede80316a1269dcd219453b3f1fd
outputs/panel_fe_beta_inference_summary_M1000_B0_n500_T4_baseline_btrue1p075_bnull1_hetero_ar1_rho0p5_dfsubstantive.csv,699,77968cea20222387a988ceef497f5c85925e7191d9a509c07f4734f00d7dfed6
outputs/panel_fe_g_inference_coverage_by_x_M1000_n200_T4_sin_2pi_np_pl_J50_hetero_ar1_rho0p5_dfsubstantive.csv,36791,e6783ac48cbfb370cfe61516258894f24b998f58adb5dfcaa30f0e1b2df2b23d
outputs/panel_fe_g_inference_coverage_by_x_M1000_n200_T8_sin_2pi_np_pl_J50_hetero_ar1_rho0p5_dfsubstantive.csv,36868,3e29332fa09c46159bb43b1badc81efd7091c4aa6eaa4862ccfe2439328864c5
outputs/panel_fe_g_inference_coverage_by_x_M1000_n500_T4_sin_2pi_np_pl_J50_hetero_ar1_rho0p5_dfsubstantive.csv,36868,c3e0af80f2f68ed31e8afd41836096edd493a1bc22366dbf250662e13dcdcc21
outputs/panel_fe_g_inference_summary_M1000_n200_T4_sin_2pi_np_pl_J50_hetero_ar1_rho0p5_dfsubstantive.csv,2088,c1e07188ecd337a0f4ec12a6b9e63964624e806bbd896a5753525f06e752d0e2
outputs/panel_fe_g_inference_summary_M1000_n200_T8_sin_2pi_np_pl_J50_hetero_ar1_rho0p5_dfsubstantive.csv,2049,f21fae1eb2cfd4fdcc08976b7cdc6d753a24a0a8b028ab57c8877e6e8673e22c
outputs/panel_fe_g_inference_summary_M1000_n500_T4_sin_2pi_np_pl_J50_hetero_ar1_rho0p5_dfsubstantive.csv,2056,a34916475179687dafaa7ded60a1c4f7b510acf8d58df8a995e641de1c2ba60e
outputs/panel_fe_test_mse_losses_M1000_n200_T4_K7_test1000_linear_quadratic_sin_2pi_no_forests_hetero_ar1_rho0p5.csv,1815510,aa07905796fd65cc11929aca54525fc3635ff6ff3da25d4e760dd6cbeaa9d981
outputs/panel_fe_test_mse_losses_M1000_n200_T8_K7_test1000_linear_quadratic_sin_2pi_no_forests_hetero_ar1_rho0p5.csv,1819001,2a353883168eb22ba6ea8c83ed051e68c7afb847177ce263dcb3861adbbdb5aa
outputs/panel_fe_test_mse_losses_M1000_n500_T4_K7_test1000_linear_quadratic_sin_2pi_no_forests_hetero_ar1_rho0p5.csv,1820096,7f57afecf0d7fd3a44b6a21980f9bc460055127237df6dd70f7c5e4cdb20c7af
outputs/panel_fe_test_mse_summary_M1000_n200_T4_K7_test1000_linear_quadratic_sin_2pi_no_forests_hetero_ar1_rho0p5.csv,3130,096143373dd8d593e3c2cd7cfafdc239a5a23e78409fcb2b32fb0a1837e5800c
outputs/panel_fe_test_mse_summary_M1000_n200_T8_K7_test1000_linear_quadratic_sin_2pi_no_forests_hetero_ar1_rho0p5.csv,3135,2401b3029081db02d8fc403dca75ace623c00bba706bc14aa3b875eb142c8ca1
outputs/panel_fe_test_mse_summary_M1000_n500_T4_K7_test1000_linear_quadratic_sin_2pi_no_forests_hetero_ar1_rho0p5.csv,3136,235ad9473182292647040e07a49f9e885b3b030ce5c231f6e54fe4cb9e4b2a1f
paper/computation_benchmarks.tex,1896,13d7b1be6bf8f3592635712340c3105472ddeb9ddb49d639c35858611782d128
paper/empluk_application_results.tex,2153,5218ef005661bd617a6fd9dc1d962064f2b81129cbe923e9863b6d41b449dd47
paper/figures/empluk_effect_comparison.pdf,21120,4cc1c6099f15eb8c0303b9884551aa421f5206cd4593c6df0d6d3d7d795423ec
paper/figures/empluk_output_inference.pdf,20862,66a2945736721a4ea06e41750005563cd5a128ddb26b6406e2778369207bb6e4
paper/inference_method_appendix.tex,13173,fce04af83e7b7768a6cd90af53800928766f241bdbebf444a250bc52284398ad
paper/k_sensitivity_appendix.tex,14255,5c5920f6051546af77100b66e53c8de0f763f49b6fc75419fa49dfac3b2c332e
paper/main_simulation_tables.tex,4905,791c7c15dd748ec886555e1aadf8dc4f348eb419adf5d1cff4d1376d87859811
README.md,8761,a5abb445b5c38a21866c61e94ad68d837ad5d699c55241ce6c7f5c61fef01ae3
replication/VALIDATION.md,1414,f9d26983d081498988196884c06edcd04af3a3c471170816256558e1afe10388
replication/compact/panel_fe_g_diagnostics_replications_M1000_n200_T4_sin_2pi_np_pl_J50_hetero_ar1_rho0p5_dfsubstantive.csv.gz,956210,051a2601dba16d2ff7f4287e8cdefd38c309a4b7883b9a6381de4716939758be
replication/compact/panel_fe_g_diagnostics_replications_M1000_n200_T4_sin_2pi_np_pl_J50_hetero_dfsubstantive.csv.gz,955334,f30fd9b96cd5c4002f7ebbf531fc261e494c36052bcba567f3d5ff82664e789d
replication/compact/panel_fe_g_diagnostics_replications_M1000_n200_T8_sin_2pi_np_pl_J50_hetero_ar1_rho0p5_dfsubstantive.csv.gz,948167,518849b2efe38b433abeefef592bbc6f4114efa2f2dfe69789bccb1b9882b051
replication/compact/panel_fe_g_diagnostics_replications_M1000_n200_T8_sin_2pi_np_pl_J50_hetero_dfsubstantive.csv.gz,948546,57c68eac81b8ac1317a950a8a0c098714819bdeb1bd4431b0a31cb9e7c767898
replication/compact/panel_fe_g_diagnostics_replications_M1000_n500_T4_sin_2pi_np_pl_J50_hetero_ar1_rho0p5_dfsubstantive.csv.gz,945930,a1ebb6ae138e53e482d5066a5e15679a3939bb133a1589d67f9baf3c873cdf25
replication/compact/panel_fe_g_diagnostics_replications_M1000_n500_T4_sin_2pi_np_pl_J50_hetero_dfsubstantive.csv.gz,946553,bc96b700345666c37b1c10843b9a82136e22d8ec986253c946f1035139800b60
replication/compact/panel_fe_g_inference_replications_M1000_n200_T4_sin_2pi_np_pl_J50_K10_hetero_ar1_rho0p5_dfsubstantive.csv.gz,573680,4bf122bdd382cbc879ed14fe4ca84da99b4edec06705ccb5cabd82260ea0cd60
replication/compact/panel_fe_g_inference_replications_M1000_n200_T4_sin_2pi_np_pl_J50_K20_hetero_ar1_rho0p5_dfsubstantive.csv.gz,593384,769d7e06a638262fcde9728966d97fe64a8519a8002143cc81d81d87b601150c
replication/compact/panel_fe_g_inference_replications_M1000_n200_T4_sin_2pi_np_pl_J50_K40_hetero_ar1_rho0p5_dfsubstantive.csv.gz,590657,cd7ad2c0a8adc6839a02985999438a68efd21a3b8eb4d8e22784b5e4c8b93768
replication/compact/panel_fe_g_inference_replications_M1000_n200_T4_sin_2pi_np_pl_J50_hetero_ar1_rho0p5_dfsubstantive.csv.gz,374375,5ad6aa06877d650365dc36d54bc9dc613e41515425e1724ec0d4cf8e0615d6c1
replication/compact/panel_fe_g_inference_replications_M1000_n200_T8_sin_2pi_np_pl_J50_K10_hetero_ar1_rho0p5_dfsubstantive.csv.gz,570832,0e410f2071dc6752d5f703e37abf032e268613d3e425045a7ea841e2098a8985
replication/compact/panel_fe_g_inference_replications_M1000_n200_T8_sin_2pi_np_pl_J50_K20_hetero_ar1_rho0p5_dfsubstantive.csv.gz,587180,b9f146830c062e9e226b682a944908fb597c1cf9e250d81fcf52def91ef0f7b5
replication/compact/panel_fe_g_inference_replications_M1000_n200_T8_sin_2pi_np_pl_J50_K40_hetero_ar1_rho0p5_dfsubstantive.csv.gz,584165,6037ae1761d92723c8e0835f3dedd52a1dab64f6f7af4b8f5e38423c6c5fc3a9
replication/compact/panel_fe_g_inference_replications_M1000_n200_T8_sin_2pi_np_pl_J50_hetero_ar1_rho0p5_dfsubstantive.csv.gz,371614,d17fff81c76d079cedf73e466e9692c6a60c3bf00c3d3c37d289954dea9816d6
replication/compact/panel_fe_g_inference_replications_M1000_n500_T4_sin_2pi_np_pl_J50_K10_hetero_ar1_rho0p5_dfsubstantive.csv.gz,567560,23628193b8ed766638f6ead287fef175dd5067a131cb17186d89c6394fbab457
replication/compact/panel_fe_g_inference_replications_M1000_n500_T4_sin_2pi_np_pl_J50_K20_hetero_ar1_rho0p5_dfsubstantive.csv.gz,584964,333098f1d2dc9311e010939d232dd1010309c2f7add8260a134cc689e145b39c
replication/compact/panel_fe_g_inference_replications_M1000_n500_T4_sin_2pi_np_pl_J50_K40_hetero_ar1_rho0p5_dfsubstantive.csv.gz,582436,4e78b110be940c5a53644550481b3dd9fc8923d4e9499df65e1cefcd66231df5
replication/compact/panel_fe_g_inference_replications_M1000_n500_T4_sin_2pi_np_pl_J50_hetero_ar1_rho0p5_dfsubstantive.csv.gz,370892,e35466281020849d0fe3f96e0f8e20c4bae0b5f708474191eaa51641f0139558
replication/compact_g_results.R,2054,5725517cdc1ed190ca5b8f505b1527bedb127034b9e75bf7f6cf4072f5096353
replication/generate_main_tables.R,4814,bce7270452c165d57e543f18b498ee2c89978fd37161abcb57849b52d548cbef
replication/paper_values.csv,3114,c474cd05368cda81422d3f74245f98d29409926fb8549dc0b93eb073f560c724
.gitignore,289,97b538fa197ca0e9ddc1ee92c24697355a133d3aeb3f748739f4ac6b88bd8d28
replication/run_main_simulations.R,1062,042e51151b999e7d32da2b3b923c501911454742df4a337e560d39b0b7ffe546
replication/smoke_test.R,2271,3cf75ef8af3c7a89e90c89c568b96aafd6db10136460550d9717117d61703d01
replication/verify_replication.R,6320,58002fd71db826e30f4532268694981834c9abc84ebb600d7ad5ddf044a1f68a
simulations/computational_benchmarks/README.md,1187,c525e910fcdd7ee070f2f388891d4bea85618bde05058b6eba96909d573b933a
simulations/computational_benchmarks/outputs/FD_n200_T4.csv,265,13b24b5d4562ae3c042c13cb1e3edadcf399ecc5b37aa22283a13684e98ee5c9
simulations/computational_benchmarks/outputs/FD_n200_T8.csv,248,6d917d5c151cff202d89d425e7329e3df301f62ff41992b36358bc90f5a3d87d
simulations/computational_benchmarks/outputs/FD_n500_T4.csv,276,ad921cfaf7c31cca9ac2277fbe890e8adcadf213be8b30a422aa4fd73ed45789
simulations/computational_benchmarks/outputs/FE_n200_T4.csv,286,f08bb4a5885028335c8366d148bdad17b0071eabc91fba9abebbbed08e786c61
simulations/computational_benchmarks/outputs/FE_n200_T8.csv,237,7df221ec57a9810a722e74aa5a733455ace51252ae6523f6534abe4f57d633f4
simulations/computational_benchmarks/outputs/FE_n500_T4.csv,240,085602e59489318de21a97bbbc234a8d71bf1eda206a5293f12f365bc559fac1
simulations/computational_benchmarks/outputs/RE_n200_T4.csv,287,30572683a276e995136fb8c2610468613b9ada9f4d531546778a118c15cfe0b3
simulations/computational_benchmarks/outputs/RE_n200_T8.csv,277,4ab3855b281067b4d3f13f024c8604e21523aeada01d69a6c22c6cae230edd80
simulations/computational_benchmarks/outputs/RE_n500_T4.csv,242,12cef82672225e925893f7cc8892f529242b811a4523c78a51ef6b1f262964db
simulations/computational_benchmarks/outputs/benchmark_environment.txt,115,7238f218e536a48c53a83fcf2d7cbd2aa82bec88e2f03a1a49edb35090c5a3a1
simulations/computational_benchmarks/outputs/computation_benchmarks.csv,1013,0f4e7617e2130b516ce902610b4d71d94412158e023f303f2fabd4275c06ccd7
simulations/computational_benchmarks/run_benchmarks.R,12263,500cbd1e1cc16ebf23a0771309651cfb0f9b793a8c1d0da691689ed9bb6aac06
simulations/inference_diagnostics/README.md,2172,e7cf367ced1c51e3ca76c03ab6f50ee341e92345973c4d12f12f4230adf9c90b
simulations/inference_diagnostics/RESULTS_SUMMARY.md,4370,831269abcd3d6ee8561c64eaede1fb9c78bba64506f3854066bd6ab22eda702a
simulations/inference_diagnostics/combine_g_chunks.R,8574,7bf8bf602acc35d290d6d219da9c7c2fb22982a971af5b0462119d4244e0b46a
simulations/inference_diagnostics/combine_inference_diagnostics.R,7790,7ca62febea77a748a91a3bbb0247dcbc8ce1a740dcf9ade38e5d07c30ddcbc66
simulations/inference_diagnostics/generate_appendix_tables.R,7416,029a92d57dec46b0cfe0d0d6754e6708ccfbe898d273be984c67ac409b58fc88
simulations/inference_diagnostics/outputs/combined/beta_diagnostics_all_M1000.csv,45090,ee5487827960de1b54df11b8c62bb5951315843a18dd73a040ce1d3fa2ebaa6d
simulations/inference_diagnostics/outputs/combined/final_manifest_M1000.csv,2266,7018105689e469a552dfec74670c5c67398e0d80bf14d709dadb4a06da616ca1
simulations/inference_diagnostics/outputs/combined/g_diagnostics_all_M1000.csv,60873,2a983b6fa7f677abe61eface492bf9ba0b7f8e3466be0dc7b638579bee4dd34e
simulations/inference_diagnostics/outputs/combined/g_diagnostics_by_x_all_M1000.csv,2629293,f3c71cb306d164ab2464d5d0dcd2412b6e4dfc02421ad46406f76a9fbe5fe967
simulations/inference_diagnostics/outputs/panel_fe_beta_diagnostics_results_M1000_B0_n200_T4_baseline_btrue1_bnull1_hetero_ar1_rho0p5_dfsubstantive.csv,2896516,66ea55b816e856c4fe7bfcbeec193f93685f777ce32e8f22bbfa17b2cf554c21
simulations/inference_diagnostics/outputs/panel_fe_beta_diagnostics_results_M1000_B0_n200_T4_baseline_btrue1_bnull1_hetero_dfsubstantive.csv,2820596,b13541111d301f9e2f93957330dbada7fb7348b9e9508fd3baeff4f6cbda1a46
simulations/inference_diagnostics/outputs/panel_fe_beta_diagnostics_results_M1000_B0_n200_T4_baseline_btrue1p075_bnull1_hetero_ar1_rho0p5_dfsubstantive.csv,2933457,62a98a9aa3a296330d2c8d50a0729785bc600430a03d6fc4ba212887dd10ede2
simulations/inference_diagnostics/outputs/panel_fe_beta_diagnostics_results_M1000_B0_n200_T4_baseline_btrue1p075_bnull1_hetero_dfsubstantive.csv,2861021,628b178dff554e99bf0dbed7c2e10cba2cafcfed90ade6efd3c3f84a003cae18
simulations/inference_diagnostics/outputs/panel_fe_beta_diagnostics_results_M1000_B0_n200_T8_baseline_btrue1_bnull1_hetero_ar1_rho0p5_dfsubstantive.csv,2910892,75eb8359d8bd6e74d42e09655622824b007e17013b2af99862de0276fa8550ed
simulations/inference_diagnostics/outputs/panel_fe_beta_diagnostics_results_M1000_B0_n200_T8_baseline_btrue1_bnull1_hetero_dfsubstantive.csv,2829854,d0bed7de0a2559226a00309e94659f48c9c34ad95a805e24c5243663a8e80449
simulations/inference_diagnostics/outputs/panel_fe_beta_diagnostics_results_M1000_B0_n200_T8_baseline_btrue1p075_bnull1_hetero_ar1_rho0p5_dfsubstantive.csv,2945706,8ce0d66175100d4e0351310ca183ff0ab3aad80c2eb0253d2ed86ef06d040d6f
simulations/inference_diagnostics/outputs/panel_fe_beta_diagnostics_results_M1000_B0_n200_T8_baseline_btrue1p075_bnull1_hetero_dfsubstantive.csv,2865747,e7ca0f8c5dee4f0359e1cf36c8a4811457a0fd4520a7cef41991c828c88be727
simulations/inference_diagnostics/outputs/panel_fe_beta_diagnostics_results_M1000_B0_n500_T4_baseline_btrue1_bnull1_hetero_ar1_rho0p5_dfsubstantive.csv,2910465,7de2330d127494229fd22fcbc39447123eb241d4aec1414c21da2ee10b4dcba1
simulations/inference_diagnostics/outputs/panel_fe_beta_diagnostics_results_M1000_B0_n500_T4_baseline_btrue1_bnull1_hetero_dfsubstantive.csv,2832100,5e7e5f917d53b070adc80e5dd981ce2307c1ec9ccb53d02fe9795ab03f35c123
simulations/inference_diagnostics/outputs/panel_fe_beta_diagnostics_results_M1000_B0_n500_T4_baseline_btrue1p075_bnull1_hetero_ar1_rho0p5_dfsubstantive.csv,2944880,77adcc278f8ea6912988f6f33f47cf27d2cbb8ab7c9afeed45619baa98315866
simulations/inference_diagnostics/outputs/panel_fe_beta_diagnostics_results_M1000_B0_n500_T4_baseline_btrue1p075_bnull1_hetero_dfsubstantive.csv,2867556,3852619bf0298d5e344a4cbed838901674817af5e4b1d94b989f11f01581f09f
simulations/inference_diagnostics/outputs/panel_fe_beta_diagnostics_summary_M1000_B0_n200_T4_baseline_btrue1_bnull1_hetero_ar1_rho0p5_dfsubstantive.csv,3233,b1e6d5b71fe73c24a28b591ade40d21870fd6a608cecda9c26074d569328fbc0
simulations/inference_diagnostics/outputs/panel_fe_beta_diagnostics_summary_M1000_B0_n200_T4_baseline_btrue1_bnull1_hetero_dfsubstantive.csv,3148,e45941082d2d9597185b9c665acb177a05c1f205d4ec301c61aa4ef27b733d86
simulations/inference_diagnostics/outputs/panel_fe_beta_diagnostics_summary_M1000_B0_n200_T4_baseline_btrue1p075_bnull1_hetero_ar1_rho0p5_dfsubstantive.csv,3278,8bf5863fe34367cb9e08e38f673eb76b11f82343183231fec922353ab3f102fd
simulations/inference_diagnostics/outputs/panel_fe_beta_diagnostics_summary_M1000_B0_n200_T4_baseline_btrue1p075_bnull1_hetero_dfsubstantive.csv,3201,a4642e119a90977223b239fd8baa6bfbae1205e98f63cbcf98766eec36f5cfd5
simulations/inference_diagnostics/outputs/panel_fe_beta_diagnostics_summary_M1000_B0_n200_T8_baseline_btrue1_bnull1_hetero_ar1_rho0p5_dfsubstantive.csv,3254,887e373a05adbaa915315294f8338e94122ac59e78f128194b5df780befc831b
simulations/inference_diagnostics/outputs/panel_fe_beta_diagnostics_summary_M1000_B0_n200_T8_baseline_btrue1_bnull1_hetero_dfsubstantive.csv,3167,5343a761723a0ca39c652b30d70529d46720a3aefa02f2dca40f2c6f84c10b54
simulations/inference_diagnostics/outputs/panel_fe_beta_diagnostics_summary_M1000_B0_n200_T8_baseline_btrue1p075_bnull1_hetero_ar1_rho0p5_dfsubstantive.csv,3293,cfbd897f9f0c83f04ce9400ca024ff1c6dd619f6c9c7eeb8ca4f1e0f810a7a82
simulations/inference_diagnostics/outputs/panel_fe_beta_diagnostics_summary_M1000_B0_n200_T8_baseline_btrue1p075_bnull1_hetero_dfsubstantive.csv,3227,636440eb6d2b026a4ebedd45da4ee9f26c86461d41ecc4c2a57b86b305bd323a
simulations/inference_diagnostics/outputs/panel_fe_beta_diagnostics_summary_M1000_B0_n500_T4_baseline_btrue1_bnull1_hetero_ar1_rho0p5_dfsubstantive.csv,3243,f2831bbd1fccb20230971b0f432bb8fa15f147a277d07b890c945e357a016e9a
simulations/inference_diagnostics/outputs/panel_fe_beta_diagnostics_summary_M1000_B0_n500_T4_baseline_btrue1_bnull1_hetero_dfsubstantive.csv,3155,444344f0b63e763a0b0d6ea5f581823374d9df74ad4fd34ef927f2e5e884d395
simulations/inference_diagnostics/outputs/panel_fe_beta_diagnostics_summary_M1000_B0_n500_T4_baseline_btrue1p075_bnull1_hetero_ar1_rho0p5_dfsubstantive.csv,3294,00f364b94c1644971307ecd14fad79096322c0391cccd4db9d6dd7cc8ef6d122
simulations/inference_diagnostics/outputs/panel_fe_beta_diagnostics_summary_M1000_B0_n500_T4_baseline_btrue1p075_bnull1_hetero_dfsubstantive.csv,3216,40a114b6a2f93b59a7c6f395fb0ef4da26749f9314ffe910e7c523981c47ac23
simulations/inference_diagnostics/outputs/panel_fe_g_diagnostics_by_x_M1000_n200_T4_sin_2pi_np_pl_J50_hetero_ar1_rho0p5_dfsubstantive.csv,367679,5078965b0e0b983266a77d02f05f0e7dbd3c1bfa1be8f5840457a6acd5152eb3
simulations/inference_diagnostics/outputs/panel_fe_g_diagnostics_by_x_M1000_n200_T4_sin_2pi_np_pl_J50_hetero_dfsubstantive.csv,359852,c4475022693ecdfd7dbaf8cb2ebb962b82af19e525053ae71760fdd5c5c969ca
simulations/inference_diagnostics/outputs/panel_fe_g_diagnostics_by_x_M1000_n200_T8_sin_2pi_np_pl_J50_hetero_ar1_rho0p5_dfsubstantive.csv,368176,4824209aec0770d9198796b32ae149672a3c8238a1f9badf772d72f169761296
simulations/inference_diagnostics/outputs/panel_fe_g_diagnostics_by_x_M1000_n200_T8_sin_2pi_np_pl_J50_hetero_dfsubstantive.csv,360421,7002c1f80c3d00b4aee65204bb828bcd13eb67b55b1152015e104d06cd7a8cec
simulations/inference_diagnostics/outputs/panel_fe_g_diagnostics_by_x_M1000_n500_T4_sin_2pi_np_pl_J50_hetero_ar1_rho0p5_dfsubstantive.csv,368133,9fa61709bf9000f12872a3e6692e0811128e2a40e446a137d129fde4c9c0884a
simulations/inference_diagnostics/outputs/panel_fe_g_diagnostics_by_x_M1000_n500_T4_sin_2pi_np_pl_J50_hetero_dfsubstantive.csv,360489,e97802b29bd047ea8b69b39405efe082d5977319065b8ea0550a8ec254b75c99
simulations/inference_diagnostics/outputs/panel_fe_g_diagnostics_summary_M1000_n200_T4_sin_2pi_np_pl_J50_hetero_ar1_rho0p5_dfsubstantive.csv,9069,4c9f0936d144fbed8afd35b4a22491653aa518c27a0ac14600fb544665e9554d
simulations/inference_diagnostics/outputs/panel_fe_g_diagnostics_summary_M1000_n200_T4_sin_2pi_np_pl_J50_hetero_dfsubstantive.csv,8863,56f4a6e0243f9136c4e9734b23e961745977ecb70eae15880be1339aa0f0bb78
simulations/inference_diagnostics/outputs/panel_fe_g_diagnostics_summary_M1000_n200_T8_sin_2pi_np_pl_J50_hetero_ar1_rho0p5_dfsubstantive.csv,8960,2e6ed7af5706084c1932dd23fe2935594db5ee63b661c91eba0806268a25a072
simulations/inference_diagnostics/outputs/panel_fe_g_diagnostics_summary_M1000_n200_T8_sin_2pi_np_pl_J50_hetero_dfsubstantive.csv,8935,68c618373f2e9fecab2187b92e5fac68f11397a8009207e76468ac79f1f53e69
simulations/inference_diagnostics/outputs/panel_fe_g_diagnostics_summary_M1000_n500_T4_sin_2pi_np_pl_J50_hetero_ar1_rho0p5_dfsubstantive.csv,9027,f51be0561a0ab26436c66a2234774ca1ed1e2bad0d738dff645053d23f9ed21d
simulations/inference_diagnostics/outputs/panel_fe_g_diagnostics_summary_M1000_n500_T4_sin_2pi_np_pl_J50_hetero_dfsubstantive.csv,8851,d3d509ff68798c6abb4fd45d8eff38aa3a143efe1d20db15be45fdaed1e3b3c6
simulations/inference_diagnostics/panel_fe_beta_inference_diagnostics.R,18527,9ef42e189046469920a08511d78524459c08de9f1f7c67f73e80898d68d53dcf
simulations/inference_diagnostics/panel_fe_g_inference_diagnostics.R,27376,80cf759702dc360202c56a43d78d37ceea1dc6a090a7f34850da11c83673a013
simulations/inference_diagnostics/panel_fe_g_inference_diagnostics_chunk.R,27943,f67a070be8370929771e5ffc0ec2c62a674758bd6036f69c6c2d85cd74c5485f
simulations/inference_diagnostics/run_all_inference_diagnostics.R,4524,52ff13cbf3353c331162e85ecf75b0cd17047a652e1b2fe32327cc9b0560dd4a
simulations/k_sensitivity/README.md,2002,f1d469da3f494841217eca52d775272e1f2c3fda3c7c66efed0ce33d283c5848
simulations/k_sensitivity/RESULTS.md,5559,b134dc8d99e8a6a305b1360895984c711fa820d286c63021a13b6a09c2af6bcf
simulations/k_sensitivity/combined/beta_stability_ranges.csv,1311,3ac6df221721b315b8fe4fb5396cd7b62fed9ae28f303c9bf77dc14304a39ed1
simulations/k_sensitivity/combined/beta_summary_all_K.csv,17955,d493523f67dab25e79567907f42495c922ef9c1f1ff79b49e2a5e8af2c3c171d
simulations/k_sensitivity/combined/coverage_stability_ranges.csv,2169,e2b463e33a7213d1e4a39a4e60d9726b0955de51bb839f1421dd725278f7e06d
simulations/k_sensitivity/combined/coverage_summary_all_K.csv,35150,bbaff79dc799d0bad2c7d2e9cd739eb1b44eacb43e9eee51234b2f53291d9fdb
simulations/k_sensitivity/combined/edf_binding_summary.csv,16264,697f8533da17f189c27b149ab22d26cd35607ea1cc250b0488116b199d198f86
simulations/k_sensitivity/combined/mse_stability_ranges.csv,3112,f18a8578c5d72955229d3bbfba2be2b0418576e80b1a9c1ba8ebcedd0701cead
simulations/k_sensitivity/combined/mse_summary_all_K.csv,64045,10ef82ec0084cd5e566ea022fd6cd5745f8f4f253ff9d845da361d6ad3d6a2fb
simulations/k_sensitivity/generate_appendix_tables.R,12139,9fbf21d5e1c43d1ff24b3b6e5d5234fd594b07ea507469b09b67f49c85663cc6
simulations/k_sensitivity/outputs/panel_fe_beta_inference_results_M1000_B0_n200_T4_sine_g_btrue1_bnull1_K10_hetero_ar1_rho0p5_dfsubstantive.csv,577452,0253ba930aa77ecf13b5ab23e174bc7fe0da2ef1cbed4d179f2d3b1fe3609ba5
simulations/k_sensitivity/outputs/panel_fe_beta_inference_results_M1000_B0_n200_T4_sine_g_btrue1_bnull1_K20_hetero_ar1_rho0p5_dfsubstantive.csv,579511,d392f0aba008ed916097c61cf81ece0edd948d7c7ab2b6a7edf33979203c3383
simulations/k_sensitivity/outputs/panel_fe_beta_inference_results_M1000_B0_n200_T4_sine_g_btrue1_bnull1_K40_hetero_ar1_rho0p5_dfsubstantive.csv,579611,acf4a7e62388e1a4cf799119deba84425767cebf5d0236e0aea6276c92d2e01d
simulations/k_sensitivity/outputs/panel_fe_beta_inference_results_M1000_B0_n200_T4_sine_g_btrue1p075_bnull1_K10_hetero_ar1_rho0p5_dfsubstantive.csv,569833,8068078af9d081d6af16cbbac3fe0fac822e95727f3b4041027795f169055c63
simulations/k_sensitivity/outputs/panel_fe_beta_inference_results_M1000_B0_n200_T4_sine_g_btrue1p075_bnull1_K20_hetero_ar1_rho0p5_dfsubstantive.csv,571699,61276b1085c4a0e32339b542d12a3509e8cc9d79753b27857e3633121bd949fc
simulations/k_sensitivity/outputs/panel_fe_beta_inference_results_M1000_B0_n200_T4_sine_g_btrue1p075_bnull1_K40_hetero_ar1_rho0p5_dfsubstantive.csv,571890,c70304055d87395bbf2574316d09058344e0d352334c91530adda7a85840dbb3
simulations/k_sensitivity/outputs/panel_fe_beta_inference_results_M1000_B0_n200_T8_sine_g_btrue1_bnull1_K10_hetero_ar1_rho0p5_dfsubstantive.csv,577492,c0ab675827d2c75ebfc0816c28b4a3589f931e1529c2da084fa15e0e020926b0
simulations/k_sensitivity/outputs/panel_fe_beta_inference_results_M1000_B0_n200_T8_sine_g_btrue1_bnull1_K20_hetero_ar1_rho0p5_dfsubstantive.csv,579660,74b2793338e0468cbb7d5ccb7c52d4d68d6857cd2a95ab9fa821620e2c16d6a6
simulations/k_sensitivity/outputs/panel_fe_beta_inference_results_M1000_B0_n200_T8_sine_g_btrue1_bnull1_K40_hetero_ar1_rho0p5_dfsubstantive.csv,579707,e8d8437727e1cf46264af235fe49e91a5a807570adfeab8151d38f0e9a6704cc
simulations/k_sensitivity/outputs/panel_fe_beta_inference_results_M1000_B0_n200_T8_sine_g_btrue1p075_bnull1_K10_hetero_ar1_rho0p5_dfsubstantive.csv,568815,d7473836676b42f4d80525bcee1f338b175547d86c49334de3e336d12070ed30
simulations/k_sensitivity/outputs/panel_fe_beta_inference_results_M1000_B0_n200_T8_sine_g_btrue1p075_bnull1_K20_hetero_ar1_rho0p5_dfsubstantive.csv,571008,81e5edd693dcc067ffd50ef1395776fa84629eebc91e856c643d6d32f65afd5d
simulations/k_sensitivity/outputs/panel_fe_beta_inference_results_M1000_B0_n200_T8_sine_g_btrue1p075_bnull1_K40_hetero_ar1_rho0p5_dfsubstantive.csv,570868,4dfe106a03e5618360cec8cb14626d111f768bce3d3f07a701d76965cf7360ec
simulations/k_sensitivity/outputs/panel_fe_beta_inference_results_M1000_B0_n500_T4_sine_g_btrue1_bnull1_K10_hetero_ar1_rho0p5_dfsubstantive.csv,577524,05e78fa0133adc0bda86fad9eae7a216fd67d43c7a357361bcc73bc3dd86e013
simulations/k_sensitivity/outputs/panel_fe_beta_inference_results_M1000_B0_n500_T4_sine_g_btrue1_bnull1_K20_hetero_ar1_rho0p5_dfsubstantive.csv,579520,cef3a7e57b3e893491c1b2b3dc2d4e278764bc567d3b85aaef9ee6ca9143a4fa
simulations/k_sensitivity/outputs/panel_fe_beta_inference_results_M1000_B0_n500_T4_sine_g_btrue1_bnull1_K40_hetero_ar1_rho0p5_dfsubstantive.csv,579574,e05037abb2739ff5d751467b5489de543c782478c9b661331ade55444280863c
simulations/k_sensitivity/outputs/panel_fe_beta_inference_results_M1000_B0_n500_T4_sine_g_btrue1p075_bnull1_K10_hetero_ar1_rho0p5_dfsubstantive.csv,568631,84907c79058ad7ee9e3a1028996fe11e494bb6244f39fc41380b52120ed4a1ba
simulations/k_sensitivity/outputs/panel_fe_beta_inference_results_M1000_B0_n500_T4_sine_g_btrue1p075_bnull1_K20_hetero_ar1_rho0p5_dfsubstantive.csv,570652,cb1abe4bcfc4263fc691aaf16998273a783f450ad47d5943802ec856e51829e1
simulations/k_sensitivity/outputs/panel_fe_beta_inference_results_M1000_B0_n500_T4_sine_g_btrue1p075_bnull1_K40_hetero_ar1_rho0p5_dfsubstantive.csv,570712,c5a90aecac4996257e92cf9ecf4d7317a606efd5cce1d22ef2dfd2d373b753d7
simulations/k_sensitivity/outputs/panel_fe_beta_inference_summary_M1000_B0_n200_T4_sine_g_btrue1_bnull1_K10_hetero_ar1_rho0p5_dfsubstantive.csv,934,41bd19812a91b965f8831298866ffbe0e6f8a67f5b13455b91d6c01c1432b85e
simulations/k_sensitivity/outputs/panel_fe_beta_inference_summary_M1000_B0_n200_T4_sine_g_btrue1_bnull1_K20_hetero_ar1_rho0p5_dfsubstantive.csv,935,39a736fdea33f2746a52285bdfd63aa5510750cd00d328f3bddcb0330d687826
simulations/k_sensitivity/outputs/panel_fe_beta_inference_summary_M1000_B0_n200_T4_sine_g_btrue1_bnull1_K40_hetero_ar1_rho0p5_dfsubstantive.csv,934,158999dc39eb0b7f8d456419cf50b5207a5cd61f0718b0cdadfee942a210e9b9
simulations/k_sensitivity/outputs/panel_fe_beta_inference_summary_M1000_B0_n200_T4_sine_g_btrue1p075_bnull1_K10_hetero_ar1_rho0p5_dfsubstantive.csv,933,306023bbf68045c84d267fb6749ed7044c3e2bab3ea4058f0e2ef8ab6e6d8ea1
simulations/k_sensitivity/outputs/panel_fe_beta_inference_summary_M1000_B0_n200_T4_sine_g_btrue1p075_bnull1_K20_hetero_ar1_rho0p5_dfsubstantive.csv,931,70aed002268cc05d7102eb83ca844ec4861a6782f27de4115e0a14dafb29cef0
simulations/k_sensitivity/outputs/panel_fe_beta_inference_summary_M1000_B0_n200_T4_sine_g_btrue1p075_bnull1_K40_hetero_ar1_rho0p5_dfsubstantive.csv,937,3b0f4a5c9130f6fa395d444dc7e730aad648062ff4b29dd6f9f0fc4bebd409c0
simulations/k_sensitivity/outputs/panel_fe_beta_inference_summary_M1000_B0_n200_T8_sine_g_btrue1_bnull1_K10_hetero_ar1_rho0p5_dfsubstantive.csv,941,e137ad3e248337f7e5b0d1bdbd9a97afcbbebf227c29329bfb134b44ae4d0d40
simulations/k_sensitivity/outputs/panel_fe_beta_inference_summary_M1000_B0_n200_T8_sine_g_btrue1_bnull1_K20_hetero_ar1_rho0p5_dfsubstantive.csv,937,aa876619bd97d04f2fddf52f1343359ae48e1a795e68c76679a541e1e7f1c841
simulations/k_sensitivity/outputs/panel_fe_beta_inference_summary_M1000_B0_n200_T8_sine_g_btrue1_bnull1_K40_hetero_ar1_rho0p5_dfsubstantive.csv,935,9bafce0b48803efc7d1fdbd088f58548f6b0a67dbab555a24b145526c93f687a
simulations/k_sensitivity/outputs/panel_fe_beta_inference_summary_M1000_B0_n200_T8_sine_g_btrue1p075_bnull1_K10_hetero_ar1_rho0p5_dfsubstantive.csv,943,effced7c574cab7aa7a36e507de21bf6ada4dbd83a20e1c998ccc4584c0989e7
simulations/k_sensitivity/outputs/panel_fe_beta_inference_summary_M1000_B0_n200_T8_sine_g_btrue1p075_bnull1_K20_hetero_ar1_rho0p5_dfsubstantive.csv,934,5cd3508e8273089e816b60494bf34948837fcf290a54e638e0b8ffe85ee459c7
simulations/k_sensitivity/outputs/panel_fe_beta_inference_summary_M1000_B0_n200_T8_sine_g_btrue1p075_bnull1_K40_hetero_ar1_rho0p5_dfsubstantive.csv,934,9cb4ddf26488213c3617e6f52bd7a803ca194d4f41a90abccd30e6f48f1a9f28
simulations/k_sensitivity/outputs/panel_fe_beta_inference_summary_M1000_B0_n500_T4_sine_g_btrue1_bnull1_K10_hetero_ar1_rho0p5_dfsubstantive.csv,940,c15b17e18fdf10d926da6091bb304541eff2db65a4aa31d3d0a4615047b3e9c5
simulations/k_sensitivity/outputs/panel_fe_beta_inference_summary_M1000_B0_n500_T4_sine_g_btrue1_bnull1_K20_hetero_ar1_rho0p5_dfsubstantive.csv,936,c42c1e1700168c81b4cb78bbb47fa79aea8b5d4d80e03e102ca0874f17e643a4
simulations/k_sensitivity/outputs/panel_fe_beta_inference_summary_M1000_B0_n500_T4_sine_g_btrue1_bnull1_K40_hetero_ar1_rho0p5_dfsubstantive.csv,935,1c30567fc4457ee933edf5aab2059ec87778f1b164baab305a2fef7b2ce155b7
simulations/k_sensitivity/outputs/panel_fe_beta_inference_summary_M1000_B0_n500_T4_sine_g_btrue1p075_bnull1_K10_hetero_ar1_rho0p5_dfsubstantive.csv,943,3640517561f4ca3040b72368ab6e11ad63b47d73f6e23b699a5160c5a1601d09
simulations/k_sensitivity/outputs/panel_fe_beta_inference_summary_M1000_B0_n500_T4_sine_g_btrue1p075_bnull1_K20_hetero_ar1_rho0p5_dfsubstantive.csv,931,338c669c0192c05a4757b6942f91691739901c3f943da80a8e34708cb5290ab8
simulations/k_sensitivity/outputs/panel_fe_beta_inference_summary_M1000_B0_n500_T4_sine_g_btrue1p075_bnull1_K40_hetero_ar1_rho0p5_dfsubstantive.csv,935,1e6f37335a3ff1ef9175f585462ba6fde667f9129900dacdee1dac4e3370c940
simulations/k_sensitivity/outputs/panel_fe_g_inference_coverage_by_x_M1000_n200_T4_sin_2pi_np_pl_J50_K10_hetero_ar1_rho0p5_dfsubstantive.csv,36840,976c4214548ab2cd12af9d4b3cc4bcc31c40c02ec9abfb858d085b452941e75c
simulations/k_sensitivity/outputs/panel_fe_g_inference_coverage_by_x_M1000_n200_T4_sin_2pi_np_pl_J50_K20_hetero_ar1_rho0p5_dfsubstantive.csv,36791,e6783ac48cbfb370cfe61516258894f24b998f58adb5dfcaa30f0e1b2df2b23d
simulations/k_sensitivity/outputs/panel_fe_g_inference_coverage_by_x_M1000_n200_T4_sin_2pi_np_pl_J50_K40_hetero_ar1_rho0p5_dfsubstantive.csv,35872,3192d47344b6bca30f02051ee147b7ec6af2e3d73abe5c23d59b3fc436e9df31
simulations/k_sensitivity/outputs/panel_fe_g_inference_coverage_by_x_M1000_n200_T8_sin_2pi_np_pl_J50_K10_hetero_ar1_rho0p5_dfsubstantive.csv,36856,700d684259072da5f65c56fbd34a8f6a98fa92a747e8936796ed20470aa5a0b2
simulations/k_sensitivity/outputs/panel_fe_g_inference_coverage_by_x_M1000_n200_T8_sin_2pi_np_pl_J50_K20_hetero_ar1_rho0p5_dfsubstantive.csv,36868,3e29332fa09c46159bb43b1badc81efd7091c4aa6eaa4862ccfe2439328864c5
simulations/k_sensitivity/outputs/panel_fe_g_inference_coverage_by_x_M1000_n200_T8_sin_2pi_np_pl_J50_K40_hetero_ar1_rho0p5_dfsubstantive.csv,35838,15a7e5392a545579982ad2bbf261412952eb2b297ec6b64521d3ecf4d33d2629
simulations/k_sensitivity/outputs/panel_fe_g_inference_coverage_by_x_M1000_n500_T4_sin_2pi_np_pl_J50_K10_hetero_ar1_rho0p5_dfsubstantive.csv,36852,557e39da4e8b3e63a66e19b72f54918f71a8949050fafa210818b5256a276917
simulations/k_sensitivity/outputs/panel_fe_g_inference_coverage_by_x_M1000_n500_T4_sin_2pi_np_pl_J50_K20_hetero_ar1_rho0p5_dfsubstantive.csv,36868,c3e0af80f2f68ed31e8afd41836096edd493a1bc22366dbf250662e13dcdcc21
simulations/k_sensitivity/outputs/panel_fe_g_inference_coverage_by_x_M1000_n500_T4_sin_2pi_np_pl_J50_K40_hetero_ar1_rho0p5_dfsubstantive.csv,35941,0755c26f73cffdc55e8a3b2666c820638224b574f83b0be104b1568485f11960
simulations/k_sensitivity/outputs/panel_fe_g_inference_summary_M1000_n200_T4_sin_2pi_np_pl_J50_K10_hetero_ar1_rho0p5_dfsubstantive.csv,2883,3b91fa6e6de74000c9301d45d2fdabc5ce1e6dcb47940fa02ebff42f46dfaa07
simulations/k_sensitivity/outputs/panel_fe_g_inference_summary_M1000_n200_T4_sin_2pi_np_pl_J50_K20_hetero_ar1_rho0p5_dfsubstantive.csv,2730,56d8c091d30b3889ff0502ca280eb9ffea244c31f670b2285cea276548c5c8bc
simulations/k_sensitivity/outputs/panel_fe_g_inference_summary_M1000_n200_T4_sin_2pi_np_pl_J50_K40_hetero_ar1_rho0p5_dfsubstantive.csv,2649,0ec5d5bd67b58f4ddf4e781c2f19a800ad4d954e35a1d702b6bd7dc0252fd10d
simulations/k_sensitivity/outputs/panel_fe_g_inference_summary_M1000_n200_T8_sin_2pi_np_pl_J50_K10_hetero_ar1_rho0p5_dfsubstantive.csv,2880,edb6427d70bf9e3b44ba9694a8268ad0281cdd8e9063e7c79832fe2fd1eb4c67
simulations/k_sensitivity/outputs/panel_fe_g_inference_summary_M1000_n200_T8_sin_2pi_np_pl_J50_K20_hetero_ar1_rho0p5_dfsubstantive.csv,2687,ccb9547e4f4d8a7d6a7f6417a157970041eb1ba0cb74ba946bc9d6085a8103ee
simulations/k_sensitivity/outputs/panel_fe_g_inference_summary_M1000_n200_T8_sin_2pi_np_pl_J50_K40_hetero_ar1_rho0p5_dfsubstantive.csv,2641,435b6a7a66be6fe5ad845eb55b68f123634115d0af333b2a7993dc1a2b0e1c23
simulations/k_sensitivity/outputs/panel_fe_g_inference_summary_M1000_n500_T4_sin_2pi_np_pl_J50_K10_hetero_ar1_rho0p5_dfsubstantive.csv,2917,59bbe783e2ef9cd052e3be5e7085225f69e52d1c49f74fc201bc6ea7b6a0e780
simulations/k_sensitivity/outputs/panel_fe_g_inference_summary_M1000_n500_T4_sin_2pi_np_pl_J50_K20_hetero_ar1_rho0p5_dfsubstantive.csv,2696,a86b9f313f2752d3eb05263d93498c598dcf476e04ad0ae9398751880f480b8f
simulations/k_sensitivity/outputs/panel_fe_g_inference_summary_M1000_n500_T4_sin_2pi_np_pl_J50_K40_hetero_ar1_rho0p5_dfsubstantive.csv,2637,eb016d53828e84d6d576b675d7e50a078a52586de30ada711005f8887712c525
simulations/k_sensitivity/outputs/panel_fe_test_mse_losses_M1000_n200_T4_Kfixed7_Kbam10_test1000_linear_quadratic_sin_2pi_no_forests_hetero_ar1_rho0p5.csv,2430996,3fd60fd5c1d6e6812d93979fa34fff4689655cf74fab134ba7f7634ee6e6fa02
simulations/k_sensitivity/outputs/panel_fe_test_mse_losses_M1000_n200_T4_Kfixed7_Kbam20_test1000_linear_quadratic_sin_2pi_no_forests_hetero_ar1_rho0p5.csv,2438929,39b218b2e2dbd0862d50538f28c9472986aa52f744707d65b9a467ee1854bce7
simulations/k_sensitivity/outputs/panel_fe_test_mse_losses_M1000_n200_T4_Kfixed7_Kbam40_test1000_linear_quadratic_sin_2pi_no_forests_hetero_ar1_rho0p5.csv,2441197,84909217247795c6ad06a39cf0baba3e52a13761c5a4c72ae1c5d14befedf766
simulations/k_sensitivity/outputs/panel_fe_test_mse_losses_M1000_n200_T8_Kfixed7_Kbam10_test1000_linear_quadratic_sin_2pi_no_forests_hetero_ar1_rho0p5.csv,2434000,25f6119c903460fdbfb0878c5c5a535e56a9f8e50aa7164eec44d61409809696
simulations/k_sensitivity/outputs/panel_fe_test_mse_losses_M1000_n200_T8_Kfixed7_Kbam20_test1000_linear_quadratic_sin_2pi_no_forests_hetero_ar1_rho0p5.csv,2442093,b82e10da07555c8d6cae38f570bc44b719733caa47b2c6af5395511d2f7e324f
simulations/k_sensitivity/outputs/panel_fe_test_mse_losses_M1000_n200_T8_Kfixed7_Kbam40_test1000_linear_quadratic_sin_2pi_no_forests_hetero_ar1_rho0p5.csv,2442777,eabc640af83a308ee78ba4a5ab2eb8de9c6868542cdbe203300d63e518f6ba45
simulations/k_sensitivity/outputs/panel_fe_test_mse_losses_M1000_n500_T4_Kfixed7_Kbam10_test1000_linear_quadratic_sin_2pi_no_forests_hetero_ar1_rho0p5.csv,2434971,529f77c10c883a03e8705bb01d2c1bb26ee2d3744542c772488d834b9b878142
simulations/k_sensitivity/outputs/panel_fe_test_mse_losses_M1000_n500_T4_Kfixed7_Kbam20_test1000_linear_quadratic_sin_2pi_no_forests_hetero_ar1_rho0p5.csv,2443047,09f359a831e585b9e2d84c401bdc2d901ed9a07112958373fc87a36111acaa15
simulations/k_sensitivity/outputs/panel_fe_test_mse_losses_M1000_n500_T4_Kfixed7_Kbam40_test1000_linear_quadratic_sin_2pi_no_forests_hetero_ar1_rho0p5.csv,2443427,428c8645c29e50b06a151436e06ee6686ddea2de3121c0c473d78df7e9e6dead
simulations/k_sensitivity/outputs/panel_fe_test_mse_summary_M1000_n200_T4_Kfixed7_Kbam10_test1000_linear_quadratic_sin_2pi_no_forests_hetero_ar1_rho0p5.csv,3855,f776d4995b7ab2febad75b6f6d79bd1d86007538fd34c28436a8b46a0289b9d9
simulations/k_sensitivity/outputs/panel_fe_test_mse_summary_M1000_n200_T4_Kfixed7_Kbam20_test1000_linear_quadratic_sin_2pi_no_forests_hetero_ar1_rho0p5.csv,3853,ccfd4255462d0a1645f9d7e7d4fa262d5846b59aac30a7d6b5bc6523040a3478
simulations/k_sensitivity/outputs/panel_fe_test_mse_summary_M1000_n200_T4_Kfixed7_Kbam40_test1000_linear_quadratic_sin_2pi_no_forests_hetero_ar1_rho0p5.csv,3855,ab2c4060c20b5eef0f65abe34f00503bed7ae72b6058abab8c4bfb139776f533
simulations/k_sensitivity/outputs/panel_fe_test_mse_summary_M1000_n200_T8_Kfixed7_Kbam10_test1000_linear_quadratic_sin_2pi_no_forests_hetero_ar1_rho0p5.csv,3850,ccdeb7fe47cb92ac251e7079c18ca8984a4818b9a56965499bf5ce4be84cdc8d
simulations/k_sensitivity/outputs/panel_fe_test_mse_summary_M1000_n200_T8_Kfixed7_Kbam20_test1000_linear_quadratic_sin_2pi_no_forests_hetero_ar1_rho0p5.csv,3856,65c05c5a761d2b36775aa761c986122714a2f78629f3b63aa7ea719792b872d2
simulations/k_sensitivity/outputs/panel_fe_test_mse_summary_M1000_n200_T8_Kfixed7_Kbam40_test1000_linear_quadratic_sin_2pi_no_forests_hetero_ar1_rho0p5.csv,3858,fe8756ce4a8ec8c339aa60f1ae2e776ab191cb3ba118c838fbcd45080c7a0559
simulations/k_sensitivity/outputs/panel_fe_test_mse_summary_M1000_n500_T4_Kfixed7_Kbam10_test1000_linear_quadratic_sin_2pi_no_forests_hetero_ar1_rho0p5.csv,3853,72ddfb48147cafe0bfa79223b7d3a0465902a41460d2a8e1c4f8f6f6accfb59b
simulations/k_sensitivity/outputs/panel_fe_test_mse_summary_M1000_n500_T4_Kfixed7_Kbam20_test1000_linear_quadratic_sin_2pi_no_forests_hetero_ar1_rho0p5.csv,3860,657a0bf8a8015f1a1f2542a194bacc011a1ae12c523d1b8193b607b794043f09
simulations/k_sensitivity/outputs/panel_fe_test_mse_summary_M1000_n500_T4_Kfixed7_Kbam40_test1000_linear_quadratic_sin_2pi_no_forests_hetero_ar1_rho0p5.csv,3852,c1d4b682ee1dd8ea79fbd61e89128071f6f6f7bd880bd524d721b5c1720f8903
simulations/k_sensitivity/panel_fe_beta_inference_k_sensitivity.R,17935,15997e8fe41f2b541812a14a8a50a779b567bcb603d1f3207766444efaab4e56
simulations/k_sensitivity/panel_fe_g_inference_k_sensitivity.R,21274,77437405e57f121fd28af4eca5148728061e9ff7e5c5db6aaf8ef95fedf42841
simulations/k_sensitivity/panel_fe_test_mse_k_sensitivity.R,19157,57aab75f9bb037d6c8ad44567b84b25c6301d85613c6e1c659288e703875c475
simulations/k_sensitivity/run_all_k_sensitivity.R,4088,63309155cf7323cf5cf5c5f6a1e6324d04fb6b8e87347509f0e831782cbaf9a4
simulations/k_sensitivity/run_manifest.csv,2955,7827c2265cb8fe3d44888aad063ea9c4f8f500ae0efd8b7d71d91518d2603a0e
simulations/k_sensitivity/summarize_k_sensitivity.R,7391,1b296403fddf1da635901d58c3d4ffe0ca862697e17d9200cd6689bccbe4a2ff
simulations/panel_fe_beta_inference_bootstrap.R,16454,3ec51611036db07c8526b5804392f06cde4b41316c3427271f065762168ed221
simulations/panel_fe_g_inference_coverage.R,20048,512f598bfda2dd53b0410b22475fe0d0a6b4353313aca0df968691ce2f090628
simulations/panel_fe_test_mse_first_pass.R,17106,806d6a9d5b24f55530e8d89ec5b7be92cb8bc95d9e736676f81aff3f7eec6b62
