"path","md5"
"replication/compact/panel_fe_g_diagnostics_replications_M1000_n200_T4_sin_2pi_np_pl_J50_hetero_ar1_rho0p5_dfsubstantive.csv.gz","8c00cbfa7a0268560063995317f4fa35"
"replication/compact/panel_fe_g_diagnostics_replications_M1000_n200_T4_sin_2pi_np_pl_J50_hetero_dfsubstantive.csv.gz","dbf2a0401bb17834a899df94946fb71f"
"replication/compact/panel_fe_g_diagnostics_replications_M1000_n200_T8_sin_2pi_np_pl_J50_hetero_ar1_rho0p5_dfsubstantive.csv.gz","ee88b1795931b443cd778729063bb84f"
"replication/compact/panel_fe_g_diagnostics_replications_M1000_n200_T8_sin_2pi_np_pl_J50_hetero_dfsubstantive.csv.gz","5cf750d45f5cbe9578fd2d16b4e12c6e"
"replication/compact/panel_fe_g_diagnostics_replications_M1000_n500_T4_sin_2pi_np_pl_J50_hetero_ar1_rho0p5_dfsubstantive.csv.gz","00c9820c12309aa2bc64446985821b7d"
"replication/compact/panel_fe_g_diagnostics_replications_M1000_n500_T4_sin_2pi_np_pl_J50_hetero_dfsubstantive.csv.gz","0393daf38049f4abb792f06ca967f8a8"
"replication/compact/panel_fe_g_inference_replications_M1000_n200_T4_sin_2pi_np_pl_J50_hetero_ar1_rho0p5_dfsubstantive.csv.gz","31479e780c7c851e2324918473b7d008"
"replication/compact/panel_fe_g_inference_replications_M1000_n200_T4_sin_2pi_np_pl_J50_K10_hetero_ar1_rho0p5_dfsubstantive.csv.gz","6dd062d6dae306e4c725fec186461e10"
"replication/compact/panel_fe_g_inference_replications_M1000_n200_T4_sin_2pi_np_pl_J50_K20_hetero_ar1_rho0p5_dfsubstantive.csv.gz","b67bca5d33e167f1fe93359349e4de97"
"replication/compact/panel_fe_g_inference_replications_M1000_n200_T4_sin_2pi_np_pl_J50_K40_hetero_ar1_rho0p5_dfsubstantive.csv.gz","83ae971fef049520f622d7f2add6261f"
"replication/compact/panel_fe_g_inference_replications_M1000_n200_T8_sin_2pi_np_pl_J50_hetero_ar1_rho0p5_dfsubstantive.csv.gz","452813621c5914ddafc51bd987eddb1f"
"replication/compact/panel_fe_g_inference_replications_M1000_n200_T8_sin_2pi_np_pl_J50_K10_hetero_ar1_rho0p5_dfsubstantive.csv.gz","ca26f03d9ccde0fafbdcaa2a0afdfa98"
"replication/compact/panel_fe_g_inference_replications_M1000_n200_T8_sin_2pi_np_pl_J50_K20_hetero_ar1_rho0p5_dfsubstantive.csv.gz","15bc9bf85e89eb66ce86d2f70c4c973a"
"replication/compact/panel_fe_g_inference_replications_M1000_n200_T8_sin_2pi_np_pl_J50_K40_hetero_ar1_rho0p5_dfsubstantive.csv.gz","15ce0ea7fc24530e9ba7d5b1409e22b6"
"replication/compact/panel_fe_g_inference_replications_M1000_n500_T4_sin_2pi_np_pl_J50_hetero_ar1_rho0p5_dfsubstantive.csv.gz","f23790354ff6afbf09d8bafd48d14625"
"replication/compact/panel_fe_g_inference_replications_M1000_n500_T4_sin_2pi_np_pl_J50_K10_hetero_ar1_rho0p5_dfsubstantive.csv.gz","34e0834f46f52f95a6554ff436737d58"
"replication/compact/panel_fe_g_inference_replications_M1000_n500_T4_sin_2pi_np_pl_J50_K20_hetero_ar1_rho0p5_dfsubstantive.csv.gz","8e3c8e61f33e21036d4bb5676a7e5cb6"
"replication/compact/panel_fe_g_inference_replications_M1000_n500_T4_sin_2pi_np_pl_J50_K40_hetero_ar1_rho0p5_dfsubstantive.csv.gz","acd9b6120889dfedcbfbc96fa5db0996"
"outputs/panel_fe_g_inference_coverage_by_x_M1000_n200_T4_sin_2pi_np_pl_J50_hetero_ar1_rho0p5_dfsubstantive.csv","3e6ab48524abd669d5b4dbd31aeacee9"
"outputs/panel_fe_g_inference_coverage_by_x_M1000_n200_T8_sin_2pi_np_pl_J50_hetero_ar1_rho0p5_dfsubstantive.csv","ecf731f71b97cbd95b024e487f3a8c52"
"outputs/panel_fe_g_inference_coverage_by_x_M1000_n500_T4_sin_2pi_np_pl_J50_hetero_ar1_rho0p5_dfsubstantive.csv","fe2cffda836c05ea087ca64bab713c9c"
"outputs/panel_fe_g_inference_summary_M1000_n200_T4_sin_2pi_np_pl_J50_hetero_ar1_rho0p5_dfsubstantive.csv","6e4dface02157ee13d000c20cd2513a4"
"outputs/panel_fe_g_inference_summary_M1000_n200_T8_sin_2pi_np_pl_J50_hetero_ar1_rho0p5_dfsubstantive.csv","46d8825cd28a061a28ca4fffa16d1dee"
"outputs/panel_fe_g_inference_summary_M1000_n500_T4_sin_2pi_np_pl_J50_hetero_ar1_rho0p5_dfsubstantive.csv","ff2a93469b6e5044bcf1307f5771e861"
"simulations/k_sensitivity/outputs/panel_fe_g_inference_coverage_by_x_M1000_n200_T4_sin_2pi_np_pl_J50_K10_hetero_ar1_rho0p5_dfsubstantive.csv","db946f60869a414d090943523e3b97d5"
"simulations/k_sensitivity/outputs/panel_fe_g_inference_coverage_by_x_M1000_n200_T4_sin_2pi_np_pl_J50_K20_hetero_ar1_rho0p5_dfsubstantive.csv","3e6ab48524abd669d5b4dbd31aeacee9"
"simulations/k_sensitivity/outputs/panel_fe_g_inference_coverage_by_x_M1000_n200_T4_sin_2pi_np_pl_J50_K40_hetero_ar1_rho0p5_dfsubstantive.csv","bf7e9cdb9ee24b5fc91a9979a894a30b"
"simulations/k_sensitivity/outputs/panel_fe_g_inference_coverage_by_x_M1000_n200_T8_sin_2pi_np_pl_J50_K10_hetero_ar1_rho0p5_dfsubstantive.csv","77d79a805822b34005be97c659353f7c"
"simulations/k_sensitivity/outputs/panel_fe_g_inference_coverage_by_x_M1000_n200_T8_sin_2pi_np_pl_J50_K20_hetero_ar1_rho0p5_dfsubstantive.csv","ecf731f71b97cbd95b024e487f3a8c52"
"simulations/k_sensitivity/outputs/panel_fe_g_inference_coverage_by_x_M1000_n200_T8_sin_2pi_np_pl_J50_K40_hetero_ar1_rho0p5_dfsubstantive.csv","691081a57ad19b6296cad46107f7ebc4"
"simulations/k_sensitivity/outputs/panel_fe_g_inference_coverage_by_x_M1000_n500_T4_sin_2pi_np_pl_J50_K10_hetero_ar1_rho0p5_dfsubstantive.csv","239734b1e0c11eb8d2055b2b32c6aa40"
"simulations/k_sensitivity/outputs/panel_fe_g_inference_coverage_by_x_M1000_n500_T4_sin_2pi_np_pl_J50_K20_hetero_ar1_rho0p5_dfsubstantive.csv","fe2cffda836c05ea087ca64bab713c9c"
"simulations/k_sensitivity/outputs/panel_fe_g_inference_coverage_by_x_M1000_n500_T4_sin_2pi_np_pl_J50_K40_hetero_ar1_rho0p5_dfsubstantive.csv","c058137fcb0b6531717d418a6c9bc90f"
"simulations/k_sensitivity/outputs/panel_fe_g_inference_summary_M1000_n200_T4_sin_2pi_np_pl_J50_K10_hetero_ar1_rho0p5_dfsubstantive.csv","7adc7a9fdab35f174c866699dd4745e7"
"simulations/k_sensitivity/outputs/panel_fe_g_inference_summary_M1000_n200_T4_sin_2pi_np_pl_J50_K20_hetero_ar1_rho0p5_dfsubstantive.csv","d144605b970cdb45928f42250cfc57a3"
"simulations/k_sensitivity/outputs/panel_fe_g_inference_summary_M1000_n200_T4_sin_2pi_np_pl_J50_K40_hetero_ar1_rho0p5_dfsubstantive.csv","3c8d0603b823912f86f1a35b566e422c"
"simulations/k_sensitivity/outputs/panel_fe_g_inference_summary_M1000_n200_T8_sin_2pi_np_pl_J50_K10_hetero_ar1_rho0p5_dfsubstantive.csv","6163136290c315be2e24577c7eb91c56"
"simulations/k_sensitivity/outputs/panel_fe_g_inference_summary_M1000_n200_T8_sin_2pi_np_pl_J50_K20_hetero_ar1_rho0p5_dfsubstantive.csv","06b8807794e37ec6503ce33cea10fa25"
"simulations/k_sensitivity/outputs/panel_fe_g_inference_summary_M1000_n200_T8_sin_2pi_np_pl_J50_K40_hetero_ar1_rho0p5_dfsubstantive.csv","810dac1a2b02204e0e95f3c9f543f0e7"
"simulations/k_sensitivity/outputs/panel_fe_g_inference_summary_M1000_n500_T4_sin_2pi_np_pl_J50_K10_hetero_ar1_rho0p5_dfsubstantive.csv","ce3ea5f4459666143b1a5c80aa71a7f5"
"simulations/k_sensitivity/outputs/panel_fe_g_inference_summary_M1000_n500_T4_sin_2pi_np_pl_J50_K20_hetero_ar1_rho0p5_dfsubstantive.csv","dce58d4bc122d5ce295eaeacc60541ec"
"simulations/k_sensitivity/outputs/panel_fe_g_inference_summary_M1000_n500_T4_sin_2pi_np_pl_J50_K40_hetero_ar1_rho0p5_dfsubstantive.csv","861cd34aeea0ca0d4fb220bc22e1c334"
"simulations/inference_diagnostics/outputs/panel_fe_g_diagnostics_by_x_M1000_n200_T4_sin_2pi_np_pl_J50_hetero_ar1_rho0p5_dfsubstantive.csv","884ec236682e77efbcfc81e390a1f893"
"simulations/inference_diagnostics/outputs/panel_fe_g_diagnostics_by_x_M1000_n200_T4_sin_2pi_np_pl_J50_hetero_dfsubstantive.csv","5584aa13a518a9cff421e571d5a6a80c"
"simulations/inference_diagnostics/outputs/panel_fe_g_diagnostics_by_x_M1000_n200_T8_sin_2pi_np_pl_J50_hetero_ar1_rho0p5_dfsubstantive.csv","d742ab44fc898c271e2f42602acb3387"
"simulations/inference_diagnostics/outputs/panel_fe_g_diagnostics_by_x_M1000_n200_T8_sin_2pi_np_pl_J50_hetero_dfsubstantive.csv","c5f5381e80caf5754b9618caed6b5d2d"
"simulations/inference_diagnostics/outputs/panel_fe_g_diagnostics_by_x_M1000_n500_T4_sin_2pi_np_pl_J50_hetero_ar1_rho0p5_dfsubstantive.csv","5d54e4db1addcd15f9c344fbb1387477"
"simulations/inference_diagnostics/outputs/panel_fe_g_diagnostics_by_x_M1000_n500_T4_sin_2pi_np_pl_J50_hetero_dfsubstantive.csv","0480caa36bcefd209e35fad3bca89a3e"
"simulations/inference_diagnostics/outputs/panel_fe_g_diagnostics_summary_M1000_n200_T4_sin_2pi_np_pl_J50_hetero_ar1_rho0p5_dfsubstantive.csv","c9f62393184a1222a856b39d44acd07d"
"simulations/inference_diagnostics/outputs/panel_fe_g_diagnostics_summary_M1000_n200_T4_sin_2pi_np_pl_J50_hetero_dfsubstantive.csv","0bd36ad572e8a46ede290e77a9fcc034"
"simulations/inference_diagnostics/outputs/panel_fe_g_diagnostics_summary_M1000_n200_T8_sin_2pi_np_pl_J50_hetero_ar1_rho0p5_dfsubstantive.csv","c791e588117dc6251daf2babf63c58b5"
"simulations/inference_diagnostics/outputs/panel_fe_g_diagnostics_summary_M1000_n200_T8_sin_2pi_np_pl_J50_hetero_dfsubstantive.csv","45afdd53c94dd9c8522795d9a51407ca"
"simulations/inference_diagnostics/outputs/panel_fe_g_diagnostics_summary_M1000_n500_T4_sin_2pi_np_pl_J50_hetero_ar1_rho0p5_dfsubstantive.csv","cc82efd8d5c45df43491dbaa5beeb686"
"simulations/inference_diagnostics/outputs/panel_fe_g_diagnostics_summary_M1000_n500_T4_sin_2pi_np_pl_J50_hetero_dfsubstantive.csv","a7141519e6aad488c7f8049c0140993c"
