"n","T","kind","error","K","id","chunk","sim_first","sim_last","M","J","B","rng_scheme","master_seed","design_seed","R","mgcv","started","finished","elapsed_seconds","chunk_md5","status"
200,4,"diag","hetero",20,"diag_200_4_hetero_20",1,1,125,1000,50,499,"paired-replication-v1",20260903,220303550,"R version 4.6.0 (2026-04-24)","1.9.4","2026-09-03 16:24:08 UTC","2026-09-03 16:25:49 UTC",101.581431150436,"761eb5d455955c6d9893014ddb4341c6","complete"
200,4,"diag","hetero",20,"diag_200_4_hetero_20",2,126,250,1000,50,499,"paired-replication-v1",20260903,220303550,"R version 4.6.0 (2026-04-24)","1.9.4","2026-09-03 16:27:18 UTC","2026-09-03 16:29:03 UTC",104.616522073746,"74c1a4ea8b8bcd6a58a01ef889b13a5e","complete"
200,4,"diag","hetero",20,"diag_200_4_hetero_20",3,251,375,1000,50,499,"paired-replication-v1",20260903,220303550,"R version 4.6.0 (2026-04-24)","1.9.4","2026-09-03 16:37:03 UTC","2026-09-03 16:38:43 UTC",99.6941618919373,"0bfa192bcba23a23e561ae0f44e4f653","complete"
200,4,"diag","hetero",20,"diag_200_4_hetero_20",4,376,500,1000,50,499,"paired-replication-v1",20260903,220303550,"R version 4.6.0 (2026-04-24)","1.9.4","2026-09-03 16:42:19 UTC","2026-09-03 16:44:19 UTC",119.309669017792,"fe64b0e7e2edaaa633d076fc01d72ebb","complete"
200,4,"diag","hetero",20,"diag_200_4_hetero_20",5,501,625,1000,50,499,"paired-replication-v1",20260903,220303550,"R version 4.6.0 (2026-04-24)","1.9.4","2026-09-03 16:53:05 UTC","2026-09-03 16:55:16 UTC",131.794085979462,"33641fab6de703964979e26818499b5e","complete"
200,4,"diag","hetero",20,"diag_200_4_hetero_20",6,626,750,1000,50,499,"paired-replication-v1",20260903,220303550,"R version 4.6.0 (2026-04-24)","1.9.4","2026-09-03 16:57:43 UTC","2026-09-03 16:59:47 UTC",124.054991006851,"3766ffc442aae82a055f1f2d1f5a045f","complete"
200,4,"diag","hetero",20,"diag_200_4_hetero_20",7,751,875,1000,50,499,"paired-replication-v1",20260903,220303550,"R version 4.6.0 (2026-04-24)","1.9.4","2026-09-03 17:02:07 UTC","2026-09-03 17:04:10 UTC",123.801702022552,"84a25b4d84b4c80a0bf87c8adb9b6e24","complete"
200,4,"diag","hetero",20,"diag_200_4_hetero_20",8,876,1000,1000,50,499,"paired-replication-v1",20260903,220303550,"R version 4.6.0 (2026-04-24)","1.9.4","2026-09-03 17:09:32 UTC","2026-09-03 17:11:39 UTC",126.209169864655,"2251f67f1e9acce266d2c9fa2c089b47","complete"
200,4,"diag","hetero_ar1",20,"diag_200_4_hetero_ar1_20",1,1,125,1000,50,499,"paired-replication-v1",20260903,220304559,"R version 4.6.0 (2026-04-24)","1.9.4","2026-09-03 16:24:08 UTC","2026-09-03 16:25:51 UTC",102.965971946716,"95331c94d20fd3c4dc79fc68408a748b","complete"
200,4,"diag","hetero_ar1",20,"diag_200_4_hetero_ar1_20",2,126,250,1000,50,499,"paired-replication-v1",20260903,220304559,"R version 4.6.0 (2026-04-24)","1.9.4","2026-09-03 16:28:30 UTC","2026-09-03 16:30:16 UTC",106.67307305336,"89d178ce89053af16d710353427b001d","complete"
200,4,"diag","hetero_ar1",20,"diag_200_4_hetero_ar1_20",3,251,375,1000,50,499,"paired-replication-v1",20260903,220304559,"R version 4.6.0 (2026-04-24)","1.9.4","2026-09-03 16:40:20 UTC","2026-09-03 16:42:11 UTC",110.719120025635,"f120ff379de42fc8f67e0ee6d222ee84","complete"
200,4,"diag","hetero_ar1",20,"diag_200_4_hetero_ar1_20",4,376,500,1000,50,499,"paired-replication-v1",20260903,220304559,"R version 4.6.0 (2026-04-24)","1.9.4","2026-09-03 16:42:20 UTC","2026-09-03 16:44:22 UTC",121.994892120361,"22826a8dfb2c5a6791701ff882023648","complete"
200,4,"diag","hetero_ar1",20,"diag_200_4_hetero_ar1_20",5,501,625,1000,50,499,"paired-replication-v1",20260903,220304559,"R version 4.6.0 (2026-04-24)","1.9.4","2026-09-03 16:53:41 UTC","2026-09-03 16:55:54 UTC",132.715080022812,"5aae95c40cde9a19767c8abe331b59be","complete"
200,4,"diag","hetero_ar1",20,"diag_200_4_hetero_ar1_20",6,626,750,1000,50,499,"paired-replication-v1",20260903,220304559,"R version 4.6.0 (2026-04-24)","1.9.4","2026-09-03 16:57:47 UTC","2026-09-03 16:59:52 UTC",125.696626901627,"238cf49ec365d0d31811a21ddf6cb14f","complete"
200,4,"diag","hetero_ar1",20,"diag_200_4_hetero_ar1_20",7,751,875,1000,50,499,"paired-replication-v1",20260903,220304559,"R version 4.6.0 (2026-04-24)","1.9.4","2026-09-03 17:02:14 UTC","2026-09-03 17:04:18 UTC",124.417949914932,"90a635e9aeac5275ed878b28558c5c45","complete"
200,4,"diag","hetero_ar1",20,"diag_200_4_hetero_ar1_20",8,876,1000,1000,50,499,"paired-replication-v1",20260903,220304559,"R version 4.6.0 (2026-04-24)","1.9.4","2026-09-03 17:09:34 UTC","2026-09-03 17:11:41 UTC",127.250785827637,"3b4edf320252b2950f49d5554390053d","complete"
200,4,"k","hetero_ar1",10,"k_200_4_hetero_ar1_10",1,1,125,1000,50,499,"paired-replication-v1",20260903,220304559,"R version 4.6.0 (2026-04-24)","1.9.4","2026-09-03 16:24:08 UTC","2026-09-03 16:25:38 UTC",90.3789629936218,"af6957cfc14acf7873b00f70548a36fb","complete"
200,4,"k","hetero_ar1",10,"k_200_4_hetero_ar1_10",2,126,250,1000,50,499,"paired-replication-v1",20260903,220304559,"R version 4.6.0 (2026-04-24)","1.9.4","2026-09-03 16:29:04 UTC","2026-09-03 16:30:37 UTC",93.7140681743622,"f45c23385340a2bf548871c8b4870d3b","complete"
200,4,"k","hetero_ar1",10,"k_200_4_hetero_ar1_10",3,251,375,1000,50,499,"paired-replication-v1",20260903,220304559,"R version 4.6.0 (2026-04-24)","1.9.4","2026-09-03 16:40:20 UTC","2026-09-03 16:41:57 UTC",96.9729039669037,"14045ecba6df3c0b4b2798b5deae6377","complete"
200,4,"k","hetero_ar1",10,"k_200_4_hetero_ar1_10",4,376,500,1000,50,499,"paired-replication-v1",20260903,220304559,"R version 4.6.0 (2026-04-24)","1.9.4","2026-09-03 16:43:02 UTC","2026-09-03 16:44:53 UTC",111.228252887726,"87a19e44d7fc53a504d3c636775e9cf3","complete"
200,4,"k","hetero_ar1",10,"k_200_4_hetero_ar1_10",5,501,625,1000,50,499,"paired-replication-v1",20260903,220304559,"R version 4.6.0 (2026-04-24)","1.9.4","2026-09-03 16:53:42 UTC","2026-09-03 16:55:40 UTC",117.914359092712,"d477a9230a08c10573c743e05729b4be","complete"
200,4,"k","hetero_ar1",10,"k_200_4_hetero_ar1_10",6,626,750,1000,50,499,"paired-replication-v1",20260903,220304559,"R version 4.6.0 (2026-04-24)","1.9.4","2026-09-03 16:58:32 UTC","2026-09-03 17:00:20 UTC",107.908596038818,"202a26728a0e1896b27df2f9576b7a81","complete"
200,4,"k","hetero_ar1",10,"k_200_4_hetero_ar1_10",7,751,875,1000,50,499,"paired-replication-v1",20260903,220304559,"R version 4.6.0 (2026-04-24)","1.9.4","2026-09-03 17:03:28 UTC","2026-09-03 17:05:14 UTC",106.344577074051,"452ae5d65208564483df345d292ff8c0","complete"
200,4,"k","hetero_ar1",10,"k_200_4_hetero_ar1_10",8,876,1000,1000,50,499,"paired-replication-v1",20260903,220304559,"R version 4.6.0 (2026-04-24)","1.9.4","2026-09-03 17:09:36 UTC","2026-09-03 17:11:28 UTC",112.289907932281,"66ba0d1c10d9734ebedde321891ffc0e","complete"
200,4,"k","hetero_ar1",40,"k_200_4_hetero_ar1_40",1,1,125,1000,50,499,"paired-replication-v1",20260903,220304559,"R version 4.6.0 (2026-04-24)","1.9.4","2026-09-03 16:24:08 UTC","2026-09-03 16:26:36 UTC",148.183777093887,"05af00f06891616f0f1b80d117ec8f8f","complete"
200,4,"k","hetero_ar1",40,"k_200_4_hetero_ar1_40",2,126,250,1000,50,499,"paired-replication-v1",20260903,220304559,"R version 4.6.0 (2026-04-24)","1.9.4","2026-09-03 16:30:18 UTC","2026-09-03 16:32:48 UTC",150.738052129745,"dd751647ee6c778ec11e4f78f1520b9f","complete"
200,4,"k","hetero_ar1",40,"k_200_4_hetero_ar1_40",3,251,375,1000,50,499,"paired-replication-v1",20260903,220304559,"R version 4.6.0 (2026-04-24)","1.9.4","2026-09-03 16:40:20 UTC","2026-09-03 16:43:01 UTC",160.771687984467,"ac86d5924e0b3d9730449d2931d58a32","complete"
200,4,"k","hetero_ar1",40,"k_200_4_hetero_ar1_40",4,376,500,1000,50,499,"paired-replication-v1",20260903,220304559,"R version 4.6.0 (2026-04-24)","1.9.4","2026-09-03 16:43:10 UTC","2026-09-03 16:46:06 UTC",176.712895870209,"f3e05f4c793c04a8c7dd480d7aa8fd56","complete"
200,4,"k","hetero_ar1",40,"k_200_4_hetero_ar1_40",5,501,625,1000,50,499,"paired-replication-v1",20260903,220304559,"R version 4.6.0 (2026-04-24)","1.9.4","2026-09-03 16:53:47 UTC","2026-09-03 16:56:56 UTC",189.008180856705,"175f8b1dd032287069cd5d5560e2e66e","complete"
200,4,"k","hetero_ar1",40,"k_200_4_hetero_ar1_40",6,626,750,1000,50,499,"paired-replication-v1",20260903,220304559,"R version 4.6.0 (2026-04-24)","1.9.4","2026-09-03 16:58:59 UTC","2026-09-03 17:01:53 UTC",173.438664913177,"7625d0d8e407b087bfc479b3a587bd83","complete"
200,4,"k","hetero_ar1",40,"k_200_4_hetero_ar1_40",7,751,875,1000,50,499,"paired-replication-v1",20260903,220304559,"R version 4.6.0 (2026-04-24)","1.9.4","2026-09-03 17:04:12 UTC","2026-09-03 17:07:04 UTC",172.24555015564,"79969497196fcb8d4b0b39ed77a45088","complete"
200,4,"k","hetero_ar1",40,"k_200_4_hetero_ar1_40",8,876,1000,1000,50,499,"paired-replication-v1",20260903,220304559,"R version 4.6.0 (2026-04-24)","1.9.4","2026-09-03 17:11:29 UTC","2026-09-03 17:14:27 UTC",177.903274059296,"f85801558210351275b15b0678c80942","complete"
200,8,"diag","hetero",20,"diag_200_8_hetero_20",1,1,125,1000,50,499,"paired-replication-v1",20260903,220343578,"R version 4.6.0 (2026-04-24)","1.9.4","2026-09-03 16:24:08 UTC","2026-09-03 16:25:58 UTC",110.094132900238,"04dd48bf31b8989845aeb0d43274ab05","complete"
200,8,"diag","hetero",20,"diag_200_8_hetero_20",2,126,250,1000,50,499,"paired-replication-v1",20260903,220343578,"R version 4.6.0 (2026-04-24)","1.9.4","2026-09-03 16:30:38 UTC","2026-09-03 16:32:31 UTC",112.976108074188,"186837424265096b4da0836cdd2aee82","complete"
200,8,"diag","hetero",20,"diag_200_8_hetero_20",3,251,375,1000,50,499,"paired-replication-v1",20260903,220343578,"R version 4.6.0 (2026-04-24)","1.9.4","2026-09-03 16:40:20 UTC","2026-09-03 16:42:18 UTC",118.111109018326,"ee42fda6229f57b6910a1cbf02f151f3","complete"
200,8,"diag","hetero",20,"diag_200_8_hetero_20",4,376,500,1000,50,499,"paired-replication-v1",20260903,220343578,"R version 4.6.0 (2026-04-24)","1.9.4","2026-09-03 16:44:20 UTC","2026-09-03 16:46:34 UTC",133.382741928101,"af0a7058e6304a62adbdfe876dbc1563","complete"
200,8,"diag","hetero",20,"diag_200_8_hetero_20",5,501,625,1000,50,499,"paired-replication-v1",20260903,220343578,"R version 4.6.0 (2026-04-24)","1.9.4","2026-09-03 16:55:13 UTC","2026-09-03 16:57:35 UTC",142.345441102982,"9fe3c7b9cf8ecd2f92037c77531324ce","complete"
200,8,"diag","hetero",20,"diag_200_8_hetero_20",6,626,750,1000,50,499,"paired-replication-v1",20260903,220343578,"R version 4.6.0 (2026-04-24)","1.9.4","2026-09-03 16:59:48 UTC","2026-09-03 17:01:58 UTC",129.825338840485,"fd5d98089498ae9e88a35ef02f41f227","complete"
200,8,"diag","hetero",20,"diag_200_8_hetero_20",7,751,875,1000,50,499,"paired-replication-v1",20260903,220343578,"R version 4.6.0 (2026-04-24)","1.9.4","2026-09-03 17:04:19 UTC","2026-09-03 17:06:28 UTC",128.859226942062,"5b1691f0eda2f15af2f62a7a72f1d3cc","complete"
200,8,"diag","hetero",20,"diag_200_8_hetero_20",8,876,1000,1000,50,499,"paired-replication-v1",20260903,220343578,"R version 4.6.0 (2026-04-24)","1.9.4","2026-09-03 17:11:40 UTC","2026-09-03 17:13:53 UTC",133.320897102356,"dac2aad5488428038c64dd3f24dc4389","complete"
200,8,"diag","hetero_ar1",20,"diag_200_8_hetero_ar1_20",1,1,125,1000,50,499,"paired-replication-v1",20260903,220344587,"R version 4.6.0 (2026-04-24)","1.9.4","2026-09-03 16:24:08 UTC","2026-09-03 16:25:58 UTC",110.580486059189,"df0ba4ba8af5efff81febf095dfea1f7","complete"
200,8,"diag","hetero_ar1",20,"diag_200_8_hetero_ar1_20",2,126,250,1000,50,499,"paired-replication-v1",20260903,220344587,"R version 4.6.0 (2026-04-24)","1.9.4","2026-09-03 16:32:32 UTC","2026-09-03 16:34:26 UTC",114.055466890335,"95a0fe0526c012ab9f6f5897166ca217","complete"
200,8,"diag","hetero_ar1",20,"diag_200_8_hetero_ar1_20",3,251,375,1000,50,499,"paired-replication-v1",20260903,220344587,"R version 4.6.0 (2026-04-24)","1.9.4","2026-09-03 16:40:20 UTC","2026-09-03 16:42:19 UTC",118.565175056458,"27928e72d2cf89a4e9437684c1ad15e0","complete"
200,8,"diag","hetero_ar1",20,"diag_200_8_hetero_ar1_20",4,376,500,1000,50,499,"paired-replication-v1",20260903,220344587,"R version 4.6.0 (2026-04-24)","1.9.4","2026-09-03 16:44:23 UTC","2026-09-03 16:46:37 UTC",133.932916879654,"b42eeb5de41b3073c21e73b7a132b5ad","complete"
200,8,"diag","hetero_ar1",20,"diag_200_8_hetero_ar1_20",5,501,625,1000,50,499,"paired-replication-v1",20260903,220344587,"R version 4.6.0 (2026-04-24)","1.9.4","2026-09-03 16:55:18 UTC","2026-09-03 16:57:42 UTC",143.654850959778,"8c1b39ce1ed2d13ff42e181f36005595","complete"
200,8,"diag","hetero_ar1",20,"diag_200_8_hetero_ar1_20",6,626,750,1000,50,499,"paired-replication-v1",20260903,220344587,"R version 4.6.0 (2026-04-24)","1.9.4","2026-09-03 16:59:54 UTC","2026-09-03 17:02:05 UTC",131.515887975693,"7f62adc9d3c9d77fcd3833565f1c3eda","complete"
200,8,"diag","hetero_ar1",20,"diag_200_8_hetero_ar1_20",7,751,875,1000,50,499,"paired-replication-v1",20260903,220344587,"R version 4.6.0 (2026-04-24)","1.9.4","2026-09-03 17:05:15 UTC","2026-09-03 17:07:24 UTC",129.221815109253,"be0c224fe5c1809d41d308cae265c47e","complete"
200,8,"diag","hetero_ar1",20,"diag_200_8_hetero_ar1_20",8,876,1000,1000,50,499,"paired-replication-v1",20260903,220344587,"R version 4.6.0 (2026-04-24)","1.9.4","2026-09-03 17:11:42 UTC","2026-09-03 17:13:56 UTC",133.759779930115,"12ff20d4b9a1cdf4bbbddf8cfd9cc98a","complete"
200,8,"k","hetero_ar1",10,"k_200_8_hetero_ar1_10",1,1,125,1000,50,499,"paired-replication-v1",20260903,220344587,"R version 4.6.0 (2026-04-24)","1.9.4","2026-09-03 16:25:39 UTC","2026-09-03 16:27:17 UTC",98.195338010788,"b49c5462634f1bf5749533973a71653d","complete"
200,8,"k","hetero_ar1",10,"k_200_8_hetero_ar1_10",2,126,250,1000,50,499,"paired-replication-v1",20260903,220344587,"R version 4.6.0 (2026-04-24)","1.9.4","2026-09-03 16:32:49 UTC","2026-09-03 16:34:30 UTC",100.503356218338,"4f3be705654647c6d64ea988b13bdb85","complete"
200,8,"k","hetero_ar1",10,"k_200_8_hetero_ar1_10",3,251,375,1000,50,499,"paired-replication-v1",20260903,220344587,"R version 4.6.0 (2026-04-24)","1.9.4","2026-09-03 16:40:20 UTC","2026-09-03 16:42:06 UTC",105.40367603302,"062a6138143c975f34a7dd3fbb93222f","complete"
200,8,"k","hetero_ar1",10,"k_200_8_hetero_ar1_10",4,376,500,1000,50,499,"paired-replication-v1",20260903,220344587,"R version 4.6.0 (2026-04-24)","1.9.4","2026-09-03 16:44:54 UTC","2026-09-03 16:46:50 UTC",116.405456066132,"24e069727daf0daf05b46286865f72da","complete"
200,8,"k","hetero_ar1",10,"k_200_8_hetero_ar1_10",5,501,625,1000,50,499,"paired-replication-v1",20260903,220344587,"R version 4.6.0 (2026-04-24)","1.9.4","2026-09-03 16:55:39 UTC","2026-09-03 16:57:45 UTC",126.754846096039,"6eb59eeecb887fd0a23543a4b5d145ad","complete"
200,8,"k","hetero_ar1",10,"k_200_8_hetero_ar1_10",6,626,750,1000,50,499,"paired-replication-v1",20260903,220344587,"R version 4.6.0 (2026-04-24)","1.9.4","2026-09-03 17:00:15 UTC","2026-09-03 17:02:13 UTC",117.312958955765,"d6f6fb20c8c31efeab24c72602c46d3b","complete"
200,8,"k","hetero_ar1",10,"k_200_8_hetero_ar1_10",7,751,875,1000,50,499,"paired-replication-v1",20260903,220344587,"R version 4.6.0 (2026-04-24)","1.9.4","2026-09-03 17:05:38 UTC","2026-09-03 17:07:31 UTC",113.057879924774,"deab5ba9469f09831ed11d6ec0a9c727","complete"
200,8,"k","hetero_ar1",10,"k_200_8_hetero_ar1_10",8,876,1000,1000,50,499,"paired-replication-v1",20260903,220344587,"R version 4.6.0 (2026-04-24)","1.9.4","2026-09-03 17:13:19 UTC","2026-09-03 17:15:18 UTC",118.755785942078,"664c36ad5ab2389912c7d56de645f7b9","complete"
200,8,"k","hetero_ar1",40,"k_200_8_hetero_ar1_40",1,1,125,1000,50,499,"paired-replication-v1",20260903,220344587,"R version 4.6.0 (2026-04-24)","1.9.4","2026-09-03 16:25:50 UTC","2026-09-03 16:28:29 UTC",158.600958108902,"a3bb92cf3e7cb968d4a42342c986d75e","complete"
200,8,"k","hetero_ar1",40,"k_200_8_hetero_ar1_40",2,126,250,1000,50,499,"paired-replication-v1",20260903,220344587,"R version 4.6.0 (2026-04-24)","1.9.4","2026-09-03 16:34:27 UTC","2026-09-03 16:37:02 UTC",154.659439086914,"7e8dd2258e63de53f4a877791191b344","complete"
200,8,"k","hetero_ar1",40,"k_200_8_hetero_ar1_40",3,251,375,1000,50,499,"paired-replication-v1",20260903,220344587,"R version 4.6.0 (2026-04-24)","1.9.4","2026-09-03 16:40:20 UTC","2026-09-03 16:43:09 UTC",168.641376018524,"34f28b4ef4e29d171ed76ea25c5208ce","complete"
200,8,"k","hetero_ar1",40,"k_200_8_hetero_ar1_40",4,376,500,1000,50,499,"paired-replication-v1",20260903,220344587,"R version 4.6.0 (2026-04-24)","1.9.4","2026-09-03 16:46:07 UTC","2026-09-03 16:49:22 UTC",195.083022117615,"63a4eff797717654e50268aa8a34cd60","complete"
200,8,"k","hetero_ar1",40,"k_200_8_hetero_ar1_40",5,501,625,1000,50,499,"paired-replication-v1",20260903,220344587,"R version 4.6.0 (2026-04-24)","1.9.4","2026-09-03 16:55:41 UTC","2026-09-03 16:58:58 UTC",197.064312934875,"fd7c9ca05706e5e14ec94b93af4a8672","complete"
200,8,"k","hetero_ar1",40,"k_200_8_hetero_ar1_40",6,626,750,1000,50,499,"paired-replication-v1",20260903,220344587,"R version 4.6.0 (2026-04-24)","1.9.4","2026-09-03 17:00:21 UTC","2026-09-03 17:03:27 UTC",185.811573028564,"66d2f490c37af3e6beea797f3949b6ae","complete"
200,8,"k","hetero_ar1",40,"k_200_8_hetero_ar1_40",7,751,875,1000,50,499,"paired-replication-v1",20260903,220344587,"R version 4.6.0 (2026-04-24)","1.9.4","2026-09-03 17:06:30 UTC","2026-09-03 17:09:33 UTC",183.011111974716,"44ab7661028ff6d7886ddbf94e9b2660","complete"
200,8,"k","hetero_ar1",40,"k_200_8_hetero_ar1_40",8,876,1000,1000,50,499,"paired-replication-v1",20260903,220344587,"R version 4.6.0 (2026-04-24)","1.9.4","2026-09-03 17:13:35 UTC","2026-09-03 17:16:47 UTC",192.253515005112,"ea2a89cabb816110dec1f8ce43183ac9","complete"
500,4,"diag","hetero",20,"diag_500_4_hetero_20",1,1,125,1000,50,499,"paired-replication-v1",20260903,520304450,"R version 4.6.0 (2026-04-24)","1.9.4","2026-09-03 16:25:52 UTC","2026-09-03 16:36:46 UTC",653.922698974609,"5d9dd4a70c834fc4cb897c0a555bb6e3","complete"
500,4,"diag","hetero",20,"diag_500_4_hetero_20",2,126,250,1000,50,499,"paired-replication-v1",20260903,520304450,"R version 4.6.0 (2026-04-24)","1.9.4","2026-09-03 16:40:20 UTC","2026-09-03 16:53:46 UTC",805.878674983978,"bfd164f7f57bf66deda8ef7e49097f96","complete"
500,4,"diag","hetero",20,"diag_500_4_hetero_20",3,251,375,1000,50,499,"paired-replication-v1",20260903,520304450,"R version 4.6.0 (2026-04-24)","1.9.4","2026-09-03 16:40:20 UTC","2026-09-03 16:53:40 UTC",799.473304033279,"2ba52e194664f0caf8caed6b588974f2","complete"
500,4,"diag","hetero",20,"diag_500_4_hetero_20",4,376,500,1000,50,499,"paired-replication-v1",20260903,520304450,"R version 4.6.0 (2026-04-24)","1.9.4","2026-09-03 16:46:35 UTC","2026-09-03 17:00:28 UTC",833.003684997559,"de764ba0cbb277111f66f6d31c9bd77b","complete"
500,4,"diag","hetero",20,"diag_500_4_hetero_20",5,501,625,1000,50,499,"paired-replication-v1",20260903,520304450,"R version 4.6.0 (2026-04-24)","1.9.4","2026-09-03 16:55:55 UTC","2026-09-03 17:09:11 UTC",795.467704057693,"72cc2b44adfb12e97e590111f34ffe6d","complete"
500,4,"diag","hetero",20,"diag_500_4_hetero_20",6,626,750,1000,50,499,"paired-replication-v1",20260903,520304450,"R version 4.6.0 (2026-04-24)","1.9.4","2026-09-03 17:00:29 UTC","2026-09-03 17:13:33 UTC",783.921144962311,"ed9dc45b1ab6bfb334e788cd2c818ea2","complete"
500,4,"diag","hetero",20,"diag_500_4_hetero_20",7,751,875,1000,50,499,"paired-replication-v1",20260903,520304450,"R version 4.6.0 (2026-04-24)","1.9.4","2026-09-03 17:07:05 UTC","2026-09-03 17:20:19 UTC",793.79601597786,"45642b5c609ff54f5b485dc8436f5f95","complete"
500,4,"diag","hetero",20,"diag_500_4_hetero_20",8,876,1000,1000,50,499,"paired-replication-v1",20260903,520304450,"R version 4.6.0 (2026-04-24)","1.9.4","2026-09-03 17:13:47 UTC","2026-09-03 17:25:33 UTC",706.281098127365,"4718f11fbe58d05123bdd7168f2fdc18","complete"
500,4,"diag","hetero_ar1",20,"diag_500_4_hetero_ar1_20",1,1,125,1000,50,499,"paired-replication-v1",20260903,520305459,"R version 4.6.0 (2026-04-24)","1.9.4","2026-09-03 16:25:59 UTC","2026-09-03 16:36:56 UTC",657.489555835724,"f2cff3241f7f8e1b80ea481079a00e63","complete"
500,4,"diag","hetero_ar1",20,"diag_500_4_hetero_ar1_20",2,126,250,1000,50,499,"paired-replication-v1",20260903,520305459,"R version 4.6.0 (2026-04-24)","1.9.4","2026-09-03 16:40:20 UTC","2026-09-03 16:53:41 UTC",800.488420963287,"3da55fba19a674548ccceadd4ab0b377","complete"
500,4,"diag","hetero_ar1",20,"diag_500_4_hetero_ar1_20",3,251,375,1000,50,499,"paired-replication-v1",20260903,520305459,"R version 4.6.0 (2026-04-24)","1.9.4","2026-09-03 16:41:58 UTC","2026-09-03 16:55:37 UTC",819.218923091888,"15c782634bc7705eb1bd216a617c0f52","complete"
500,4,"diag","hetero_ar1",20,"diag_500_4_hetero_ar1_20",4,376,500,1000,50,499,"paired-replication-v1",20260903,520305459,"R version 4.6.0 (2026-04-24)","1.9.4","2026-09-03 16:46:39 UTC","2026-09-03 17:00:32 UTC",833.331828117371,"71ac633af6673d050627cca8a6c4e074","complete"
500,4,"diag","hetero_ar1",20,"diag_500_4_hetero_ar1_20",5,501,625,1000,50,499,"paired-replication-v1",20260903,520305459,"R version 4.6.0 (2026-04-24)","1.9.4","2026-09-03 16:56:20 UTC","2026-09-03 17:09:34 UTC",794.197504997253,"8c776a6a36e421404ffece8f54967a1d","complete"
500,4,"diag","hetero_ar1",20,"diag_500_4_hetero_ar1_20",6,626,750,1000,50,499,"paired-replication-v1",20260903,520305459,"R version 4.6.0 (2026-04-24)","1.9.4","2026-09-03 17:00:33 UTC","2026-09-03 17:13:46 UTC",792.244954109192,"a7587ec34ce5ce3146ba421866904460","complete"
500,4,"diag","hetero_ar1",20,"diag_500_4_hetero_ar1_20",7,751,875,1000,50,499,"paired-replication-v1",20260903,520305459,"R version 4.6.0 (2026-04-24)","1.9.4","2026-09-03 17:07:26 UTC","2026-09-03 17:20:37 UTC",790.977747917175,"8aa37c65d8faf61afecabf926301262b","complete"
500,4,"diag","hetero_ar1",20,"diag_500_4_hetero_ar1_20",8,876,1000,1000,50,499,"paired-replication-v1",20260903,520305459,"R version 4.6.0 (2026-04-24)","1.9.4","2026-09-03 17:13:55 UTC","2026-09-03 17:25:42 UTC",706.957535982132,"45918bdf412fed2f30bd27923e866751","complete"
500,4,"k","hetero_ar1",10,"k_500_4_hetero_ar1_10",1,1,125,1000,50,499,"paired-replication-v1",20260903,520305459,"R version 4.6.0 (2026-04-24)","1.9.4","2026-09-03 16:25:59 UTC","2026-09-03 16:36:28 UTC",628.881656885147,"09c168f75032b0fff2982d70a9eedc32","complete"
500,4,"k","hetero_ar1",10,"k_500_4_hetero_ar1_10",2,126,250,1000,50,499,"paired-replication-v1",20260903,520305459,"R version 4.6.0 (2026-04-24)","1.9.4","2026-09-03 16:40:20 UTC","2026-09-03 16:53:04 UTC",763.497881174088,"f39f44674193a1d94652e0bd662ab736","complete"
500,4,"k","hetero_ar1",10,"k_500_4_hetero_ar1_10",3,251,375,1000,50,499,"paired-replication-v1",20260903,520305459,"R version 4.6.0 (2026-04-24)","1.9.4","2026-09-03 16:42:06 UTC","2026-09-03 16:55:12 UTC",785.491796970367,"c8fd4d74e5de2f012a8aeea97b9c3a58","complete"
500,4,"k","hetero_ar1",10,"k_500_4_hetero_ar1_10",4,376,500,1000,50,499,"paired-replication-v1",20260903,520305459,"R version 4.6.0 (2026-04-24)","1.9.4","2026-09-03 16:46:51 UTC","2026-09-03 17:00:14 UTC",802.908684968948,"730efcabbe5b9188fb54dbbc526899e0","complete"
500,4,"k","hetero_ar1",10,"k_500_4_hetero_ar1_10",5,501,625,1000,50,499,"paired-replication-v1",20260903,520305459,"R version 4.6.0 (2026-04-24)","1.9.4","2026-09-03 16:56:57 UTC","2026-09-03 17:09:31 UTC",753.994834899902,"442d7ad86523c4ec2aa0a80515b83ba0","complete"
500,4,"k","hetero_ar1",10,"k_500_4_hetero_ar1_10",6,626,750,1000,50,499,"paired-replication-v1",20260903,520305459,"R version 4.6.0 (2026-04-24)","1.9.4","2026-09-03 17:01:53 UTC","2026-09-03 17:14:34 UTC",760.452220916748,"478396fa1fa51d6f2c3eec3f07f70f0e","complete"
500,4,"k","hetero_ar1",10,"k_500_4_hetero_ar1_10",7,751,875,1000,50,499,"paired-replication-v1",20260903,520305459,"R version 4.6.0 (2026-04-24)","1.9.4","2026-09-03 17:07:32 UTC","2026-09-03 17:20:08 UTC",756.572839021683,"a0701852882e5f226e7480603f025c0e","complete"
500,4,"k","hetero_ar1",10,"k_500_4_hetero_ar1_10",8,876,1000,1000,50,499,"paired-replication-v1",20260903,520305459,"R version 4.6.0 (2026-04-24)","1.9.4","2026-09-03 17:13:57 UTC","2026-09-03 17:25:09 UTC",671.55708694458,"ad8049d2d92dccb552cae512d37abf92","complete"
500,4,"k","hetero_ar1",40,"k_500_4_hetero_ar1_40",1,1,125,1000,50,499,"paired-replication-v1",20260903,520305459,"R version 4.6.0 (2026-04-24)","1.9.4","2026-09-03 16:26:37 UTC","2026-09-03 16:39:35 UTC",778.779397964478,"e0925ffa88160e39bd816a2647b552bf","complete"
500,4,"k","hetero_ar1",40,"k_500_4_hetero_ar1_40",2,126,250,1000,50,499,"paired-replication-v1",20260903,520305459,"R version 4.6.0 (2026-04-24)","1.9.4","2026-09-03 16:40:20 UTC","2026-09-03 16:56:19 UTC",958.788428068161,"5b31a21734652952834c674ecd63472d","complete"
500,4,"k","hetero_ar1",40,"k_500_4_hetero_ar1_40",3,251,375,1000,50,499,"paired-replication-v1",20260903,520305459,"R version 4.6.0 (2026-04-24)","1.9.4","2026-09-03 16:42:12 UTC","2026-09-03 16:58:31 UTC",979.46173787117,"5ecff91b316f839b13acef1b812bbb73","complete"
500,4,"k","hetero_ar1",40,"k_500_4_hetero_ar1_40",4,376,500,1000,50,499,"paired-replication-v1",20260903,520305459,"R version 4.6.0 (2026-04-24)","1.9.4","2026-09-03 16:49:23 UTC","2026-09-03 17:05:37 UTC",973.181882143021,"8bf2d474a0c1d99965afe12a7dde1fb0","complete"
500,4,"k","hetero_ar1",40,"k_500_4_hetero_ar1_40",5,501,625,1000,50,499,"paired-replication-v1",20260903,520305459,"R version 4.6.0 (2026-04-24)","1.9.4","2026-09-03 16:57:37 UTC","2026-09-03 17:13:18 UTC",940.933737039566,"14c6b3a6f8527e96386f54616cbd49f7","complete"
500,4,"k","hetero_ar1",40,"k_500_4_hetero_ar1_40",6,626,750,1000,50,499,"paired-replication-v1",20260903,520305459,"R version 4.6.0 (2026-04-24)","1.9.4","2026-09-03 17:02:00 UTC","2026-09-03 17:17:38 UTC",938.163143157959,"22c7b489a743c350e8be710451b81493","complete"
500,4,"k","hetero_ar1",40,"k_500_4_hetero_ar1_40",7,751,875,1000,50,499,"paired-replication-v1",20260903,520305459,"R version 4.6.0 (2026-04-24)","1.9.4","2026-09-03 17:09:12 UTC","2026-09-03 17:24:02 UTC",889.487807035446,"86f6651adac9366574ae82d8a672c561","complete"
500,4,"k","hetero_ar1",40,"k_500_4_hetero_ar1_40",8,876,1000,1000,50,499,"paired-replication-v1",20260903,520305459,"R version 4.6.0 (2026-04-24)","1.9.4","2026-09-03 17:14:28 UTC","2026-09-03 17:27:47 UTC",799.76572394371,"27826fdd1ec1e11ac38dbb4c9f4ed147","complete"
