"method","vcov_type","n_success","rejection_frequency","beta_coverage","mean_beta_hat","sd_beta_hat","mean_se","se_to_sd","mean_delta_beta_variance","error_design","rho","df_correction","M","n","T","K","dgp","beta_true","beta_null","sample","error_label"
"bam_fd","classic_cluster",1000,0.06,0.94,1.00028081524682,0.0373184258376366,0.0378842347558036,1.01516165018934,5.07092302716629e-06,"hetero_ar1",0.5,"substantive",1000,200,4,20,"baseline",1,1,"n=200, T=4","Heteroskedastic AR(1), rho=0.5"
"bam_fd","penalty_cluster",1000,0.063,0.937,1.00028081524682,0.0373184258376366,0.0371748504558215,0.996152694584713,5.07092302716629e-06,"hetero_ar1",0.5,"substantive",1000,200,4,20,"baseline",1,1,"n=200, T=4","Heteroskedastic AR(1), rho=0.5"
"bam_fd","penalty_cluster_delta",1000,0.063,0.937,1.00028081524682,0.0373184258376366,0.0372431770342938,0.997983601889583,5.07092302716629e-06,"hetero_ar1",0.5,"substantive",1000,200,4,20,"baseline",1,1,"n=200, T=4","Heteroskedastic AR(1), rho=0.5"
"bam_fd","mgcv_sandwich_freq",1000,0.081,0.919,1.00028081524682,0.0373184258376366,0.0338756472834846,0.907745879498489,5.07092302716629e-06,"hetero_ar1",0.5,"substantive",1000,200,4,20,"baseline",1,1,"n=200, T=4","Heteroskedastic AR(1), rho=0.5"
"bam_fd","mgcv_sandwich_default",1000,0.081,0.919,1.00028081524682,0.0373184258376366,0.0339503988503176,0.909748953453383,5.07092302716629e-06,"hetero_ar1",0.5,"substantive",1000,200,4,20,"baseline",1,1,"n=200, T=4","Heteroskedastic AR(1), rho=0.5"
"bam_fe","classic_cluster",1000,0.051,0.949,0.999937656119666,0.038019093994611,0.0391237781846378,1.02905603668997,4.72427461117225e-06,"hetero_ar1",0.5,"substantive",1000,200,4,20,"baseline",1,1,"n=200, T=4","Heteroskedastic AR(1), rho=0.5"
"bam_fe","penalty_cluster",1000,0.054,0.946,0.999937656119666,0.038019093994611,0.0385155959868228,1.01305927995765,4.72427461117225e-06,"hetero_ar1",0.5,"substantive",1000,200,4,20,"baseline",1,1,"n=200, T=4","Heteroskedastic AR(1), rho=0.5"
"bam_fe","penalty_cluster_delta",1000,0.054,0.946,0.999937656119666,0.038019093994611,0.0385770232228121,1.01467497432422,4.72427461117225e-06,"hetero_ar1",0.5,"substantive",1000,200,4,20,"baseline",1,1,"n=200, T=4","Heteroskedastic AR(1), rho=0.5"
"bam_fe","mgcv_sandwich_freq",1000,0.054,0.946,0.999937656119666,0.038019093994611,0.0380452374763303,1.0006876408397,4.72427461117225e-06,"hetero_ar1",0.5,"substantive",1000,200,4,20,"baseline",1,1,"n=200, T=4","Heteroskedastic AR(1), rho=0.5"
"bam_fe","mgcv_sandwich_default",1000,0.054,0.946,0.999937656119666,0.038019093994611,0.0381073036024532,1.00232013966074,4.72427461117225e-06,"hetero_ar1",0.5,"substantive",1000,200,4,20,"baseline",1,1,"n=200, T=4","Heteroskedastic AR(1), rho=0.5"
"bam_re","classic_cluster",1000,0.046,0.954,1.00370797515152,0.0378108127973546,0.039138286444749,1.03510830762906,1.75702272568547e-05,"hetero_ar1",0.5,"substantive",1000,200,4,20,"baseline",1,1,"n=200, T=4","Heteroskedastic AR(1), rho=0.5"
"bam_re","penalty_cluster",1000,0.051,0.949,1.00370797515152,0.0378108127973546,0.0381364560862729,1.00861243821082,1.75702272568547e-05,"hetero_ar1",0.5,"substantive",1000,200,4,20,"baseline",1,1,"n=200, T=4","Heteroskedastic AR(1), rho=0.5"
"bam_re","penalty_cluster_delta",1000,0.051,0.949,1.00370797515152,0.0378108127973546,0.0383659654982425,1.01468237945223,1.75702272568547e-05,"hetero_ar1",0.5,"substantive",1000,200,4,20,"baseline",1,1,"n=200, T=4","Heteroskedastic AR(1), rho=0.5"
"bam_re","mgcv_sandwich_freq",1000,0.056,0.944,1.00370797515152,0.0378108127973546,0.0377137986539104,0.997434222216692,1.75702272568547e-05,"hetero_ar1",0.5,"substantive",1000,200,4,20,"baseline",1,1,"n=200, T=4","Heteroskedastic AR(1), rho=0.5"
"bam_re","mgcv_sandwich_default",1000,0.055,0.945,1.00370797515152,0.0378108127973546,0.0379453868711644,1.00355914257996,1.75702272568547e-05,"hetero_ar1",0.5,"substantive",1000,200,4,20,"baseline",1,1,"n=200, T=4","Heteroskedastic AR(1), rho=0.5"
"bam_fd","classic_cluster",1000,0.053,0.947,1.00098937630256,0.0530632529266016,0.0545326116838726,1.02769070262811,9.16115808923662e-06,"hetero",NA,"substantive",1000,200,4,20,"baseline",1,1,"n=200, T=4","Heteroskedastic, serially independent"
"bam_fd","penalty_cluster",1000,0.056,0.944,1.00098937630256,0.0530632529266016,0.0534563285878739,1.00740768120296,9.16115808923662e-06,"hetero",NA,"substantive",1000,200,4,20,"baseline",1,1,"n=200, T=4","Heteroskedastic, serially independent"
"bam_fd","penalty_cluster_delta",1000,0.054,0.946,1.00098937630256,0.0530632529266016,0.0535421107162063,1.00902428259095,9.16115808923662e-06,"hetero",NA,"substantive",1000,200,4,20,"baseline",1,1,"n=200, T=4","Heteroskedastic, serially independent"
"bam_fd","mgcv_sandwich_freq",1000,0.092,0.908,1.00098937630256,0.0530632529266016,0.0463935508483908,0.874306573563507,9.16115808923662e-06,"hetero",NA,"substantive",1000,200,4,20,"baseline",1,1,"n=200, T=4","Heteroskedastic, serially independent"
"bam_fd","mgcv_sandwich_default",1000,0.092,0.908,1.00098937630256,0.0530632529266016,0.0464921029401425,0.876163830446873,9.16115808923662e-06,"hetero",NA,"substantive",1000,200,4,20,"baseline",1,1,"n=200, T=4","Heteroskedastic, serially independent"
"bam_fe","classic_cluster",1000,0.05,0.95,1.00033573537769,0.0459137365490811,0.0475838145871625,1.03637425667362,6.81839140448738e-06,"hetero",NA,"substantive",1000,200,4,20,"baseline",1,1,"n=200, T=4","Heteroskedastic, serially independent"
"bam_fe","penalty_cluster",1000,0.05,0.95,1.00033573537769,0.0459137365490811,0.0467814921219176,1.0188996940362,6.81839140448738e-06,"hetero",NA,"substantive",1000,200,4,20,"baseline",1,1,"n=200, T=4","Heteroskedastic, serially independent"
"bam_fe","penalty_cluster_delta",1000,0.05,0.95,1.00033573537769,0.0459137365490811,0.0468545072043716,1.02048996065229,6.81839140448738e-06,"hetero",NA,"substantive",1000,200,4,20,"baseline",1,1,"n=200, T=4","Heteroskedastic, serially independent"
"bam_fe","mgcv_sandwich_freq",1000,0.048,0.952,1.00033573537769,0.0459137365490811,0.0466038645655768,1.01503097043208,6.81839140448738e-06,"hetero",NA,"substantive",1000,200,4,20,"baseline",1,1,"n=200, T=4","Heteroskedastic, serially independent"
"bam_fe","mgcv_sandwich_default",1000,0.048,0.952,1.00033573537769,0.0459137365490811,0.0466769795725696,1.01662341340206,6.81839140448738e-06,"hetero",NA,"substantive",1000,200,4,20,"baseline",1,1,"n=200, T=4","Heteroskedastic, serially independent"
"bam_re","classic_cluster",1000,0.042,0.958,1.00617358163388,0.0454461421639688,0.0476092183081211,1.04759647444547,3.68670209589296e-05,"hetero",NA,"substantive",1000,200,4,20,"baseline",1,1,"n=200, T=4","Heteroskedastic, serially independent"
"bam_re","penalty_cluster",1000,0.05,0.95,1.00617358163388,0.0454461421639688,0.04607089781912,1.01374716588478,3.68670209589296e-05,"hetero",NA,"substantive",1000,200,4,20,"baseline",1,1,"n=200, T=4","Heteroskedastic, serially independent"
"bam_re","penalty_cluster_delta",1000,0.045,0.955,1.00617358163388,0.0454461421639688,0.0464691227584258,1.02250973450653,3.68670209589296e-05,"hetero",NA,"substantive",1000,200,4,20,"baseline",1,1,"n=200, T=4","Heteroskedastic, serially independent"
"bam_re","mgcv_sandwich_freq",1000,0.048,0.952,1.00617358163388,0.0454461421639688,0.0459666956568395,1.01145429442597,3.68670209589296e-05,"hetero",NA,"substantive",1000,200,4,20,"baseline",1,1,"n=200, T=4","Heteroskedastic, serially independent"
"bam_re","mgcv_sandwich_default",1000,0.045,0.955,1.00617358163388,0.0454461421639688,0.0463649245272752,1.02021694954858,3.68670209589296e-05,"hetero",NA,"substantive",1000,200,4,20,"baseline",1,1,"n=200, T=4","Heteroskedastic, serially independent"
"bam_fd","classic_cluster",1000,0.515,0.94,1.07528081524739,0.03731842583763,0.0378842347548591,1.01516165016421,5.07092302688729e-06,"hetero_ar1",0.5,"substantive",1000,200,4,20,"baseline",1.075,1,"n=200, T=4","Heteroskedastic AR(1), rho=0.5"
"bam_fd","penalty_cluster",1000,0.525,0.937,1.07528081524739,0.03731842583763,0.037174850455204,0.996152694568343,5.07092302688729e-06,"hetero_ar1",0.5,"substantive",1000,200,4,20,"baseline",1.075,1,"n=200, T=4","Heteroskedastic AR(1), rho=0.5"
"bam_fd","penalty_cluster_delta",1000,0.524,0.937,1.07528081524739,0.03731842583763,0.0372431770336733,0.997983601873131,5.07092302688729e-06,"hetero_ar1",0.5,"substantive",1000,200,4,20,"baseline",1.075,1,"n=200, T=4","Heteroskedastic AR(1), rho=0.5"
"bam_fd","mgcv_sandwich_freq",1000,0.597,0.919,1.07528081524739,0.03731842583763,0.0338756472828626,0.907745879481983,5.07092302688729e-06,"hetero_ar1",0.5,"substantive",1000,200,4,20,"baseline",1.075,1,"n=200, T=4","Heteroskedastic AR(1), rho=0.5"
"bam_fd","mgcv_sandwich_default",1000,0.596,0.919,1.07528081524739,0.03731842583763,0.0339503988496923,0.909748953436789,5.07092302688729e-06,"hetero_ar1",0.5,"substantive",1000,200,4,20,"baseline",1.075,1,"n=200, T=4","Heteroskedastic AR(1), rho=0.5"
"bam_fe","classic_cluster",1000,0.478,0.949,1.07493765611579,0.038019093997837,0.0391237781846422,1.02905603660277,4.72427460941486e-06,"hetero_ar1",0.5,"substantive",1000,200,4,20,"baseline",1.075,1,"n=200, T=4","Heteroskedastic AR(1), rho=0.5"
"bam_fe","penalty_cluster",1000,0.485,0.946,1.07493765611579,0.038019093997837,0.0385155959871676,1.01305927988076,4.72427460941486e-06,"hetero_ar1",0.5,"substantive",1000,200,4,20,"baseline",1.075,1,"n=200, T=4","Heteroskedastic AR(1), rho=0.5"
"bam_fe","penalty_cluster_delta",1000,0.484,0.946,1.07493765611579,0.038019093997837,0.0385770232231325,1.01467497424655,4.72427460941486e-06,"hetero_ar1",0.5,"substantive",1000,200,4,20,"baseline",1.075,1,"n=200, T=4","Heteroskedastic AR(1), rho=0.5"
"bam_fe","mgcv_sandwich_freq",1000,0.497,0.946,1.07493765611579,0.038019093997837,0.0380452374764571,1.00068764075813,4.72427460941486e-06,"hetero_ar1",0.5,"substantive",1000,200,4,20,"baseline",1.075,1,"n=200, T=4","Heteroskedastic AR(1), rho=0.5"
"bam_fe","mgcv_sandwich_default",1000,0.497,0.946,1.07493765611579,0.038019093997837,0.0381073036025563,1.0023201395784,4.72427460941486e-06,"hetero_ar1",0.5,"substantive",1000,200,4,20,"baseline",1.075,1,"n=200, T=4","Heteroskedastic AR(1), rho=0.5"
"bam_re","classic_cluster",1000,0.525,0.954,1.07870797516419,0.0378108127890634,0.0391382864448804,1.03510830785952,1.75702272629181e-05,"hetero_ar1",0.5,"substantive",1000,200,4,20,"baseline",1.075,1,"n=200, T=4","Heteroskedastic AR(1), rho=0.5"
"bam_re","penalty_cluster",1000,0.545,0.949,1.07870797516419,0.0378108127890634,0.0381364560854038,1.00861243840901,1.75702272629181e-05,"hetero_ar1",0.5,"substantive",1000,200,4,20,"baseline",1.075,1,"n=200, T=4","Heteroskedastic AR(1), rho=0.5"
"bam_re","penalty_cluster_delta",1000,0.538,0.949,1.07870797516419,0.0378108127890634,0.0383659654974625,1.0146823796541,1.75702272629181e-05,"hetero_ar1",0.5,"substantive",1000,200,4,20,"baseline",1.075,1,"n=200, T=4","Heteroskedastic AR(1), rho=0.5"
"bam_re","mgcv_sandwich_freq",1000,0.549,0.944,1.07870797516419,0.0378108127890634,0.0377137986535766,0.997434222426583,1.75702272629181e-05,"hetero_ar1",0.5,"substantive",1000,200,4,20,"baseline",1.075,1,"n=200, T=4","Heteroskedastic AR(1), rho=0.5"
"bam_re","mgcv_sandwich_default",1000,0.542,0.945,1.07870797516419,0.0378108127890634,0.0379453868709158,1.00355914279344,1.75702272629181e-05,"hetero_ar1",0.5,"substantive",1000,200,4,20,"baseline",1.075,1,"n=200, T=4","Heteroskedastic AR(1), rho=0.5"
"bam_fd","classic_cluster",1000,0.279,0.947,1.07598937629723,0.0530632529229647,0.0545326116830036,1.02769070268218,9.16115811104691e-06,"hetero",NA,"substantive",1000,200,4,20,"baseline",1.075,1,"n=200, T=4","Heteroskedastic, serially independent"
"bam_fd","penalty_cluster",1000,0.296,0.944,1.07598937629723,0.0530632529229647,0.0534563285880135,1.00740768127464,9.16115811104691e-06,"hetero",NA,"substantive",1000,200,4,20,"baseline",1.075,1,"n=200, T=4","Heteroskedastic, serially independent"
"bam_fd","penalty_cluster_delta",1000,0.295,0.946,1.07598937629723,0.0530632529229647,0.0535421107165474,1.00902428266654,9.16115811104691e-06,"hetero",NA,"substantive",1000,200,4,20,"baseline",1.075,1,"n=200, T=4","Heteroskedastic, serially independent"
"bam_fd","mgcv_sandwich_freq",1000,0.383,0.908,1.07598937629723,0.0530632529229647,0.0463935508483434,0.874306573622539,9.16115811104691e-06,"hetero",NA,"substantive",1000,200,4,20,"baseline",1.075,1,"n=200, T=4","Heteroskedastic, serially independent"
"bam_fd","mgcv_sandwich_default",1000,0.382,0.908,1.07598937629723,0.0530632529229647,0.0464921029403224,0.876163830510315,9.16115811104691e-06,"hetero",NA,"substantive",1000,200,4,20,"baseline",1.075,1,"n=200, T=4","Heteroskedastic, serially independent"
"bam_fe","classic_cluster",1000,0.338,0.95,1.0753357353757,0.0459137365497557,0.0475838145876493,1.036374256669,6.81839140505194e-06,"hetero",NA,"substantive",1000,200,4,20,"baseline",1.075,1,"n=200, T=4","Heteroskedastic, serially independent"
"bam_fe","penalty_cluster",1000,0.354,0.95,1.0753357353757,0.0459137365497557,0.046781492122367,1.01889969403102,6.81839140505194e-06,"hetero",NA,"substantive",1000,200,4,20,"baseline",1.075,1,"n=200, T=4","Heteroskedastic, serially independent"
"bam_fe","penalty_cluster_delta",1000,0.353,0.95,1.0753357353757,0.0459137365497557,0.0468545072048269,1.02048996064722,6.81839140505194e-06,"hetero",NA,"substantive",1000,200,4,20,"baseline",1.075,1,"n=200, T=4","Heteroskedastic, serially independent"
"bam_fe","mgcv_sandwich_freq",1000,0.353,0.952,1.0753357353757,0.0459137365497557,0.0466038645658511,1.01503097042314,6.81839140505194e-06,"hetero",NA,"substantive",1000,200,4,20,"baseline",1.075,1,"n=200, T=4","Heteroskedastic, serially independent"
"bam_fe","mgcv_sandwich_default",1000,0.352,0.952,1.0753357353757,0.0459137365497557,0.0466769795728498,1.01662341339322,6.81839140505194e-06,"hetero",NA,"substantive",1000,200,4,20,"baseline",1.075,1,"n=200, T=4","Heteroskedastic, serially independent"
"bam_re","classic_cluster",1000,0.397,0.958,1.0811735817846,0.0454461420605384,0.0476092182487828,1.04759647552399,3.68670209925723e-05,"hetero",NA,"substantive",1000,200,4,20,"baseline",1.075,1,"n=200, T=4","Heteroskedastic, serially independent"
"bam_re","penalty_cluster",1000,0.426,0.95,1.0811735817846,0.0454461420605384,0.0460708977709713,1.01374716713248,3.68670209925723e-05,"hetero",NA,"substantive",1000,200,4,20,"baseline",1.075,1,"n=200, T=4","Heteroskedastic, serially independent"
"bam_re","penalty_cluster_delta",1000,0.419,0.955,1.0811735817846,0.0454461420605384,0.046469122710989,1.02250973578985,3.68670209925723e-05,"hetero",NA,"substantive",1000,200,4,20,"baseline",1.075,1,"n=200, T=4","Heteroskedastic, serially independent"
"bam_re","mgcv_sandwich_freq",1000,0.421,0.952,1.0811735817846,0.0454461420605384,0.0459666956215565,1.01145429595156,3.68670209925723e-05,"hetero",NA,"substantive",1000,200,4,20,"baseline",1.075,1,"n=200, T=4","Heteroskedastic, serially independent"
"bam_re","mgcv_sandwich_default",1000,0.414,0.955,1.0811735817846,0.0454461420605384,0.0463649244926125,1.02021695110776,3.68670209925723e-05,"hetero",NA,"substantive",1000,200,4,20,"baseline",1.075,1,"n=200, T=4","Heteroskedastic, serially independent"
"bam_fd","classic_cluster",1000,0.056,0.944,0.999438655470849,0.0258411581264479,0.0251888919909806,0.974758633793597,1.08909967816786e-06,"hetero_ar1",0.5,"substantive",1000,200,8,20,"baseline",1,1,"n=200, T=8","Heteroskedastic AR(1), rho=0.5"
"bam_fd","penalty_cluster",1000,0.058,0.942,0.999438655470849,0.0258411581264479,0.025015357103978,0.968043188373023,1.08909967816786e-06,"hetero_ar1",0.5,"substantive",1000,200,8,20,"baseline",1,1,"n=200, T=8","Heteroskedastic AR(1), rho=0.5"
"bam_fd","penalty_cluster_delta",1000,0.058,0.942,0.999438655470849,0.0258411581264479,0.0250371792830874,0.968887662099879,1.08909967816786e-06,"hetero_ar1",0.5,"substantive",1000,200,8,20,"baseline",1,1,"n=200, T=8","Heteroskedastic AR(1), rho=0.5"
"bam_fd","mgcv_sandwich_freq",1000,0.087,0.913,0.999438655470849,0.0258411581264479,0.0220906489995347,0.854862962853253,1.08909967816786e-06,"hetero_ar1",0.5,"substantive",1000,200,8,20,"baseline",1,1,"n=200, T=8","Heteroskedastic AR(1), rho=0.5"
"bam_fd","mgcv_sandwich_default",1000,0.087,0.913,0.999438655470849,0.0258411581264479,0.0221152880650925,0.855816444327935,1.08909967816786e-06,"hetero_ar1",0.5,"substantive",1000,200,8,20,"baseline",1,1,"n=200, T=8","Heteroskedastic AR(1), rho=0.5"
"bam_fe","classic_cluster",1000,0.059,0.941,0.999184851490905,0.0286538167910109,0.0279714386400261,0.97618543609873,1.12618148711803e-06,"hetero_ar1",0.5,"substantive",1000,200,8,20,"baseline",1,1,"n=200, T=8","Heteroskedastic AR(1), rho=0.5"
"bam_fe","penalty_cluster",1000,0.062,0.938,0.999184851490905,0.0286538167910109,0.0278002537116009,0.970211190863836,1.12618148711803e-06,"hetero_ar1",0.5,"substantive",1000,200,8,20,"baseline",1,1,"n=200, T=8","Heteroskedastic AR(1), rho=0.5"
"bam_fe","penalty_cluster_delta",1000,0.062,0.938,0.999184851490905,0.0286538167910109,0.0278205898507048,0.970920909197429,1.12618148711803e-06,"hetero_ar1",0.5,"substantive",1000,200,8,20,"baseline",1,1,"n=200, T=8","Heteroskedastic AR(1), rho=0.5"
"bam_fe","mgcv_sandwich_freq",1000,0.068,0.932,0.999184851490905,0.0286538167910109,0.0274125918640205,0.956682038695111,1.12618148711803e-06,"hetero_ar1",0.5,"substantive",1000,200,8,20,"baseline",1,1,"n=200, T=8","Heteroskedastic AR(1), rho=0.5"
"bam_fe","mgcv_sandwich_default",1000,0.068,0.932,0.999184851490905,0.0286538167910109,0.0274331413000698,0.95739920095657,1.12618148711803e-06,"hetero_ar1",0.5,"substantive",1000,200,8,20,"baseline",1,1,"n=200, T=8","Heteroskedastic AR(1), rho=0.5"
"bam_re","classic_cluster",1000,0.052,0.948,1.00124651863812,0.0286421747372263,0.0279747292844623,0.976697109807918,3.22170516332667e-06,"hetero_ar1",0.5,"substantive",1000,200,8,20,"baseline",1,1,"n=200, T=8","Heteroskedastic AR(1), rho=0.5"
"bam_re","penalty_cluster",1000,0.056,0.944,1.00124651863812,0.0286421747372263,0.0277107630369724,0.967481111025996,3.22170516332667e-06,"hetero_ar1",0.5,"substantive",1000,200,8,20,"baseline",1,1,"n=200, T=8","Heteroskedastic AR(1), rho=0.5"
"bam_re","penalty_cluster_delta",1000,0.056,0.944,1.00124651863812,0.0286421747372263,0.0277689627087482,0.969513068176937,3.22170516332667e-06,"hetero_ar1",0.5,"substantive",1000,200,8,20,"baseline",1,1,"n=200, T=8","Heteroskedastic AR(1), rho=0.5"
"bam_re","mgcv_sandwich_freq",1000,0.064,0.936,1.00124651863812,0.0286421747372263,0.0273384497668677,0.954482333051892,3.22170516332667e-06,"hetero_ar1",0.5,"substantive",1000,200,8,20,"baseline",1,1,"n=200, T=8","Heteroskedastic AR(1), rho=0.5"
"bam_re","mgcv_sandwich_default",1000,0.064,0.936,1.00124651863812,0.0286421747372263,0.0273972683587004,0.956535898899189,3.22170516332667e-06,"hetero_ar1",0.5,"substantive",1000,200,8,20,"baseline",1,1,"n=200, T=8","Heteroskedastic AR(1), rho=0.5"
"bam_fd","classic_cluster",1000,0.055,0.945,0.999554229543178,0.036607755973287,0.0365072256650614,0.997253852208289,2.01982936873854e-06,"hetero",NA,"substantive",1000,200,8,20,"baseline",1,1,"n=200, T=8","Heteroskedastic, serially independent"
"bam_fd","penalty_cluster",1000,0.055,0.945,0.999554229543178,0.036607755973287,0.036233776591565,0.989784148965731,2.01982936873854e-06,"hetero",NA,"substantive",1000,200,8,20,"baseline",1,1,"n=200, T=8","Heteroskedastic, serially independent"
"bam_fd","penalty_cluster_delta",1000,0.055,0.945,0.999554229543178,0.036607755973287,0.0362617155718001,0.990547347350672,2.01982936873854e-06,"hetero",NA,"substantive",1000,200,8,20,"baseline",1,1,"n=200, T=8","Heteroskedastic, serially independent"
"bam_fd","mgcv_sandwich_freq",1000,0.102,0.898,0.999554229543178,0.036607755973287,0.030277138245507,0.827068948656686,2.01982936873854e-06,"hetero",NA,"substantive",1000,200,8,20,"baseline",1,1,"n=200, T=8","Heteroskedastic, serially independent"
"bam_fd","mgcv_sandwich_default",1000,0.102,0.898,0.999554229543178,0.036607755973287,0.030310464831805,0.827979318205761,2.01982936873854e-06,"hetero",NA,"substantive",1000,200,8,20,"baseline",1,1,"n=200, T=8","Heteroskedastic, serially independent"
"bam_fe","classic_cluster",1000,0.054,0.946,0.999370725005652,0.0310977026302573,0.0308945731393334,0.993468022595139,1.38926771943658e-06,"hetero",NA,"substantive",1000,200,8,20,"baseline",1,1,"n=200, T=8","Heteroskedastic, serially independent"
"bam_fe","penalty_cluster",1000,0.058,0.942,0.999370725005652,0.0310977026302573,0.0306923151476721,0.986964069744792,1.38926771943658e-06,"hetero",NA,"substantive",1000,200,8,20,"baseline",1,1,"n=200, T=8","Heteroskedastic, serially independent"
"bam_fe","penalty_cluster_delta",1000,0.058,0.942,0.999370725005652,0.0310977026302573,0.0307150255202491,0.987694360752041,1.38926771943658e-06,"hetero",NA,"substantive",1000,200,8,20,"baseline",1,1,"n=200, T=8","Heteroskedastic, serially independent"
"bam_fe","mgcv_sandwich_freq",1000,0.055,0.945,0.999370725005652,0.0310977026302573,0.0306473938392867,0.985519547976755,1.38926771943658e-06,"hetero",NA,"substantive",1000,200,8,20,"baseline",1,1,"n=200, T=8","Heteroskedastic, serially independent"
"bam_fe","mgcv_sandwich_default",1000,0.054,0.946,0.999370725005652,0.0310977026302573,0.0306700655650675,0.986248596229943,1.38926771943658e-06,"hetero",NA,"substantive",1000,200,8,20,"baseline",1,1,"n=200, T=8","Heteroskedastic, serially independent"
"bam_re","classic_cluster",1000,0.058,0.942,1.00202597265725,0.0310889095875648,0.030899120860256,0.993895291606345,4.78636956184307e-06,"hetero",NA,"substantive",1000,200,8,20,"baseline",1,1,"n=200, T=8","Heteroskedastic, serially independent"
"bam_re","penalty_cluster",1000,0.06,0.94,1.00202597265725,0.0310889095875648,0.0305675332756717,0.98322950792389,4.78636956184307e-06,"hetero",NA,"substantive",1000,200,8,20,"baseline",1,1,"n=200, T=8","Heteroskedastic, serially independent"
"bam_re","penalty_cluster_delta",1000,0.06,0.94,1.00202597265725,0.0310889095875648,0.0306458647917488,0.985749104690594,4.78636956184307e-06,"hetero",NA,"substantive",1000,200,8,20,"baseline",1,1,"n=200, T=8","Heteroskedastic, serially independent"
"bam_re","mgcv_sandwich_freq",1000,0.059,0.941,1.00202597265725,0.0310889095875648,0.0305374339143923,0.982261337548066,4.78636956184307e-06,"hetero",NA,"substantive",1000,200,8,20,"baseline",1,1,"n=200, T=8","Heteroskedastic, serially independent"
"bam_re","mgcv_sandwich_default",1000,0.058,0.942,1.00202597265725,0.0310889095875648,0.030615658979644,0.984777510237602,4.78636956184307e-06,"hetero",NA,"substantive",1000,200,8,20,"baseline",1,1,"n=200, T=8","Heteroskedastic, serially independent"
"bam_fd","classic_cluster",1000,0.829,0.944,1.07443831197868,0.0258410700456116,0.0251889066800313,0.974762524755004,1.08910009415499e-06,"hetero_ar1",0.5,"substantive",1000,200,8,20,"baseline",1.075,1,"n=200, T=8","Heteroskedastic AR(1), rho=0.5"
"bam_fd","penalty_cluster",1000,0.832,0.942,1.07443831197868,0.0258410700456116,0.0250153715500332,0.968047047040971,1.08910009415499e-06,"hetero_ar1",0.5,"substantive",1000,200,8,20,"baseline",1.075,1,"n=200, T=8","Heteroskedastic AR(1), rho=0.5"
"bam_fd","penalty_cluster_delta",1000,0.832,0.942,1.07443831197868,0.0258410700456116,0.0250371937165708,0.968891523159765,1.08910009415499e-06,"hetero_ar1",0.5,"substantive",1000,200,8,20,"baseline",1.075,1,"n=200, T=8","Heteroskedastic AR(1), rho=0.5"
"bam_fd","mgcv_sandwich_freq",1000,0.878,0.913,1.07443831197868,0.0258410700456116,0.0220906548705897,0.85486610390351,1.08910009415499e-06,"hetero_ar1",0.5,"substantive",1000,200,8,20,"baseline",1.075,1,"n=200, T=8","Heteroskedastic AR(1), rho=0.5"
"bam_fd","mgcv_sandwich_default",1000,0.877,0.913,1.07443831197868,0.0258410700456116,0.0221152939346453,0.855819588570057,1.08910009415499e-06,"hetero_ar1",0.5,"substantive",1000,200,8,20,"baseline",1.075,1,"n=200, T=8","Heteroskedastic AR(1), rho=0.5"
"bam_fe","classic_cluster",1000,0.756,0.941,1.0741844995345,0.028653579276266,0.0279714634919992,0.976194395203124,1.12618154960505e-06,"hetero_ar1",0.5,"substantive",1000,200,8,20,"baseline",1.075,1,"n=200, T=8","Heteroskedastic AR(1), rho=0.5"
"bam_fe","penalty_cluster",1000,0.758,0.938,1.0741844995345,0.028653579276266,0.0278002771009047,0.97022004939997,1.12618154960505e-06,"hetero_ar1",0.5,"substantive",1000,200,8,20,"baseline",1.075,1,"n=200, T=8","Heteroskedastic AR(1), rho=0.5"
"bam_fe","penalty_cluster_delta",1000,0.758,0.938,1.0741844995345,0.028653579276266,0.0278206132201996,0.970929772925218,1.12618154960505e-06,"hetero_ar1",0.5,"substantive",1000,200,8,20,"baseline",1.075,1,"n=200, T=8","Heteroskedastic AR(1), rho=0.5"
"bam_fe","mgcv_sandwich_freq",1000,0.765,0.932,1.0741844995345,0.028653579276266,0.0274126024871351,0.956690339550047,1.12618154960505e-06,"hetero_ar1",0.5,"substantive",1000,200,8,20,"baseline",1.075,1,"n=200, T=8","Heteroskedastic AR(1), rho=0.5"
"bam_fe","mgcv_sandwich_default",1000,0.765,0.932,1.0741844995345,0.028653579276266,0.0274331519159647,0.957407507504233,1.12618154960505e-06,"hetero_ar1",0.5,"substantive",1000,200,8,20,"baseline",1.075,1,"n=200, T=8","Heteroskedastic AR(1), rho=0.5"
"bam_re","classic_cluster",1000,0.772,0.948,1.07624616688864,0.0286419363988265,0.0279747543688238,0.976706112997653,3.22170663053802e-06,"hetero_ar1",0.5,"substantive",1000,200,8,20,"baseline",1.075,1,"n=200, T=8","Heteroskedastic AR(1), rho=0.5"
"bam_re","penalty_cluster",1000,0.779,0.944,1.07624616688864,0.0286419363988265,0.0277107865786855,0.967489983666777,3.22170663053802e-06,"hetero_ar1",0.5,"substantive",1000,200,8,20,"baseline",1.075,1,"n=200, T=8","Heteroskedastic AR(1), rho=0.5"
"bam_re","penalty_cluster_delta",1000,0.778,0.944,1.07624616688864,0.0286419363988265,0.027768986222061,0.969521956734698,3.22170663053802e-06,"hetero_ar1",0.5,"substantive",1000,200,8,20,"baseline",1.075,1,"n=200, T=8","Heteroskedastic AR(1), rho=0.5"
"bam_re","mgcv_sandwich_freq",1000,0.794,0.936,1.07624616688864,0.0286419363988265,0.027338460005584,0.954490633067118,3.22170663053802e-06,"hetero_ar1",0.5,"substantive",1000,200,8,20,"baseline",1.075,1,"n=200, T=8","Heteroskedastic AR(1), rho=0.5"
"bam_re","mgcv_sandwich_default",1000,0.793,0.936,1.07624616688864,0.0286419363988265,0.0273972785997284,0.956544216083481,3.22170663053802e-06,"hetero_ar1",0.5,"substantive",1000,200,8,20,"baseline",1.075,1,"n=200, T=8","Heteroskedastic AR(1), rho=0.5"
"bam_fd","classic_cluster",1000,0.522,0.945,1.07455388565003,0.0366076042854882,0.0365072347652914,0.997258233032295,2.01982951911849e-06,"hetero",NA,"substantive",1000,200,8,20,"baseline",1.075,1,"n=200, T=8","Heteroskedastic, serially independent"
"bam_fd","penalty_cluster",1000,0.526,0.945,1.07455388565003,0.0366076042854882,0.0362337858657159,0.989788503589116,2.01982951911849e-06,"hetero",NA,"substantive",1000,200,8,20,"baseline",1.075,1,"n=200, T=8","Heteroskedastic, serially independent"
"bam_fd","penalty_cluster_delta",1000,0.526,0.945,1.07455388565003,0.0366076042854882,0.0362617248349186,0.990551704835087,2.01982951911849e-06,"hetero",NA,"substantive",1000,200,8,20,"baseline",1.075,1,"n=200, T=8","Heteroskedastic, serially independent"
"bam_fd","mgcv_sandwich_freq",1000,0.646,0.898,1.07455388565003,0.0366076042854882,0.0302771430568621,0.827072507142032,2.01982951911849e-06,"hetero",NA,"substantive",1000,200,8,20,"baseline",1.075,1,"n=200, T=8","Heteroskedastic, serially independent"
"bam_fd","mgcv_sandwich_default",1000,0.645,0.898,1.07455388565003,0.0366076042854882,0.0303104696381576,0.827982880326673,2.01982951911849e-06,"hetero",NA,"substantive",1000,200,8,20,"baseline",1.075,1,"n=200, T=8","Heteroskedastic, serially independent"
"bam_fe","classic_cluster",1000,0.677,0.946,1.07437037283949,0.0310974204609753,0.0308945911422129,0.99347761596442,1.38926804164078e-06,"hetero",NA,"substantive",1000,200,8,20,"baseline",1.075,1,"n=200, T=8","Heteroskedastic, serially independent"
"bam_fe","penalty_cluster",1000,0.682,0.942,1.07437037283949,0.0310974204609753,0.0306923326861425,0.986973589165021,1.38926804164078e-06,"hetero",NA,"substantive",1000,200,8,20,"baseline",1.075,1,"n=200, T=8","Heteroskedastic, serially independent"
"bam_fe","penalty_cluster_delta",1000,0.68,0.942,1.07437037283949,0.0310974204609753,0.0307150430462962,0.987703886399228,1.38926804164078e-06,"hetero",NA,"substantive",1000,200,8,20,"baseline",1.075,1,"n=200, T=8","Heteroskedastic, serially independent"
"bam_fe","mgcv_sandwich_freq",1000,0.689,0.945,1.07437037283949,0.0310974204609753,0.0306474017526776,0.985528744776035,1.38926804164078e-06,"hetero",NA,"substantive",1000,200,8,20,"baseline",1.075,1,"n=200, T=8","Heteroskedastic, serially independent"
"bam_fe","mgcv_sandwich_default",1000,0.686,0.946,1.07437037283949,0.0310974204609753,0.0306700734764498,0.986257799579815,1.38926804164078e-06,"hetero",NA,"substantive",1000,200,8,20,"baseline",1.075,1,"n=200, T=8","Heteroskedastic, serially independent"
"bam_re","classic_cluster",1000,0.703,0.942,1.07702562090993,0.0310886283218069,0.0308991391142362,0.993904870758231,4.78637153426442e-06,"hetero",NA,"substantive",1000,200,8,20,"baseline",1.075,1,"n=200, T=8","Heteroskedastic, serially independent"
"bam_re","penalty_cluster",1000,0.714,0.94,1.07702562090993,0.0310886283218069,0.030567551042015,0.983238974894674,4.78637153426442e-06,"hetero",NA,"substantive",1000,200,8,20,"baseline",1.075,1,"n=200, T=8","Heteroskedastic, serially independent"
"bam_re","penalty_cluster_delta",1000,0.712,0.94,1.07702562090993,0.0310886283218069,0.0306458825404923,0.985758593890613,4.78637153426442e-06,"hetero",NA,"substantive",1000,200,8,20,"baseline",1.075,1,"n=200, T=8","Heteroskedastic, serially independent"
"bam_re","mgcv_sandwich_freq",1000,0.717,0.941,1.07702562090993,0.0310886283218069,0.0305374414541304,0.982270466809569,4.78637153426442e-06,"hetero",NA,"substantive",1000,200,8,20,"baseline",1.075,1,"n=200, T=8","Heteroskedastic, serially independent"
"bam_re","mgcv_sandwich_default",1000,0.716,0.942,1.07702562090993,0.0310886283218069,0.0306156665300465,0.984786662606511,4.78637153426442e-06,"hetero",NA,"substantive",1000,200,8,20,"baseline",1.075,1,"n=200, T=8","Heteroskedastic, serially independent"
"bam_fd","classic_cluster",1000,0.056,0.944,0.999869484430273,0.0239979087570399,0.0237198500932684,0.988413212726714,8.92318315942307e-07,"hetero_ar1",0.5,"substantive",1000,500,4,20,"baseline",1,1,"n=500, T=4","Heteroskedastic AR(1), rho=0.5"
"bam_fd","penalty_cluster",1000,0.059,0.941,0.999869484430273,0.0239979087570399,0.0235728729868951,0.982288632961817,8.92318315942307e-07,"hetero_ar1",0.5,"substantive",1000,500,4,20,"baseline",1,1,"n=500, T=4","Heteroskedastic AR(1), rho=0.5"
"bam_fd","penalty_cluster_delta",1000,0.059,0.941,0.999869484430273,0.0239979087570399,0.0235918208341542,0.983078195396231,8.92318315942307e-07,"hetero_ar1",0.5,"substantive",1000,500,4,20,"baseline",1,1,"n=500, T=4","Heteroskedastic AR(1), rho=0.5"
"bam_fd","mgcv_sandwich_freq",1000,0.08,0.92,0.999869484430273,0.0239979087570399,0.0213916331534588,0.891395719936781,8.92318315942307e-07,"hetero_ar1",0.5,"substantive",1000,500,4,20,"baseline",1,1,"n=500, T=4","Heteroskedastic AR(1), rho=0.5"
"bam_fd","mgcv_sandwich_default",1000,0.08,0.92,0.999869484430273,0.0239979087570399,0.0214124814233918,0.892264473549612,8.92318315942307e-07,"hetero_ar1",0.5,"substantive",1000,500,4,20,"baseline",1,1,"n=500, T=4","Heteroskedastic AR(1), rho=0.5"
"bam_fe","classic_cluster",1000,0.051,0.949,1.00060793043601,0.0243564441190166,0.0245336657231774,1.00727616902101,8.40246790865114e-07,"hetero_ar1",0.5,"substantive",1000,500,4,20,"baseline",1,1,"n=500, T=4","Heteroskedastic AR(1), rho=0.5"
"bam_fe","penalty_cluster",1000,0.051,0.949,1.00060793043601,0.0243564441190166,0.024403790964657,1.00194391453075,8.40246790865114e-07,"hetero_ar1",0.5,"substantive",1000,500,4,20,"baseline",1,1,"n=500, T=4","Heteroskedastic AR(1), rho=0.5"
"bam_fe","penalty_cluster_delta",1000,0.051,0.949,1.00060793043601,0.0243564441190166,0.0244210109502499,1.00265091369322,8.40246790865114e-07,"hetero_ar1",0.5,"substantive",1000,500,4,20,"baseline",1,1,"n=500, T=4","Heteroskedastic AR(1), rho=0.5"
"bam_fe","mgcv_sandwich_freq",1000,0.051,0.949,1.00060793043601,0.0243564441190166,0.0240665907619491,0.988099520781806,8.40246790865114e-07,"hetero_ar1",0.5,"substantive",1000,500,4,20,"baseline",1,1,"n=500, T=4","Heteroskedastic AR(1), rho=0.5"
"bam_fe","mgcv_sandwich_default",1000,0.051,0.949,1.00060793043601,0.0243564441190166,0.0240840284490424,0.988815458092195,8.40246790865114e-07,"hetero_ar1",0.5,"substantive",1000,500,4,20,"baseline",1,1,"n=500, T=4","Heteroskedastic AR(1), rho=0.5"
"bam_re","classic_cluster",1000,0.051,0.949,1.00427299624797,0.0243344656437897,0.0245415248948474,1.00850888834333,5.82399095095619e-06,"hetero_ar1",0.5,"substantive",1000,500,4,20,"baseline",1,1,"n=500, T=4","Heteroskedastic AR(1), rho=0.5"
"bam_re","penalty_cluster",1000,0.054,0.946,1.00427299624797,0.0243344656437897,0.0241677612667295,0.993149453967864,5.82399095095619e-06,"hetero_ar1",0.5,"substantive",1000,500,4,20,"baseline",1,1,"n=500, T=4","Heteroskedastic AR(1), rho=0.5"
"bam_re","penalty_cluster_delta",1000,0.051,0.949,1.00427299624797,0.0243344656437897,0.0242879070507174,0.998086722192554,5.82399095095619e-06,"hetero_ar1",0.5,"substantive",1000,500,4,20,"baseline",1,1,"n=500, T=4","Heteroskedastic AR(1), rho=0.5"
"bam_re","mgcv_sandwich_freq",1000,0.057,0.943,1.00427299624797,0.0243344656437897,0.0238556371811791,0.980323033609211,5.82399095095619e-06,"hetero_ar1",0.5,"substantive",1000,500,4,20,"baseline",1,1,"n=500, T=4","Heteroskedastic AR(1), rho=0.5"
"bam_re","mgcv_sandwich_default",1000,0.056,0.944,1.00427299624797,0.0243344656437897,0.0239772159877001,0.985319190430596,5.82399095095619e-06,"hetero_ar1",0.5,"substantive",1000,500,4,20,"baseline",1,1,"n=500, T=4","Heteroskedastic AR(1), rho=0.5"
"bam_fd","classic_cluster",1000,0.061,0.939,1.00002235700212,0.0343396451671801,0.0342096651507833,0.996214870137298,1.64931155092398e-06,"hetero",NA,"substantive",1000,500,4,20,"baseline",1,1,"n=500, T=4","Heteroskedastic, serially independent"
"bam_fd","penalty_cluster",1000,0.063,0.937,1.00002235700212,0.0343396451671801,0.033980126340391,0.989530502571041,1.64931155092398e-06,"hetero",NA,"substantive",1000,500,4,20,"baseline",1,1,"n=500, T=4","Heteroskedastic, serially independent"
"bam_fd","penalty_cluster_delta",1000,0.063,0.937,1.00002235700212,0.0343396451671801,0.0340044088498856,0.990237630130933,1.64931155092398e-06,"hetero",NA,"substantive",1000,500,4,20,"baseline",1,1,"n=500, T=4","Heteroskedastic, serially independent"
"bam_fd","mgcv_sandwich_freq",1000,0.096,0.904,1.00002235700212,0.0343396451671801,0.0293491980468855,0.854673887979943,1.64931155092398e-06,"hetero",NA,"substantive",1000,500,4,20,"baseline",1,1,"n=500, T=4","Heteroskedastic, serially independent"
"bam_fd","mgcv_sandwich_default",1000,0.095,0.905,1.00002235700212,0.0343396451671801,0.0293772763190778,0.855491551414018,1.64931155092398e-06,"hetero",NA,"substantive",1000,500,4,20,"baseline",1,1,"n=500, T=4","Heteroskedastic, serially independent"
"bam_fe","classic_cluster",1000,0.059,0.941,1.00044217144905,0.0296006513905686,0.0297983103819598,1.00667752167962,1.23169831107275e-06,"hetero",NA,"substantive",1000,500,4,20,"baseline",1,1,"n=500, T=4","Heteroskedastic, serially independent"
"bam_fe","penalty_cluster",1000,0.061,0.939,1.00044217144905,0.0296006513905686,0.0296216073720563,1.00070795676795,1.23169831107275e-06,"hetero",NA,"substantive",1000,500,4,20,"baseline",1,1,"n=500, T=4","Heteroskedastic, serially independent"
"bam_fe","penalty_cluster_delta",1000,0.061,0.939,1.00044217144905,0.0296006513905686,0.0296424031152068,1.00141050019769,1.23169831107275e-06,"hetero",NA,"substantive",1000,500,4,20,"baseline",1,1,"n=500, T=4","Heteroskedastic, serially independent"
"bam_fe","mgcv_sandwich_freq",1000,0.06,0.94,1.00044217144905,0.0296006513905686,0.0294899785119805,0.996261133678182,1.23169831107275e-06,"hetero",NA,"substantive",1000,500,4,20,"baseline",1,1,"n=500, T=4","Heteroskedastic, serially independent"
"bam_fe","mgcv_sandwich_default",1000,0.06,0.94,1.00044217144905,0.0296006513905686,0.0295108450784192,0.996966069733924,1.23169831107275e-06,"hetero",NA,"substantive",1000,500,4,20,"baseline",1,1,"n=500, T=4","Heteroskedastic, serially independent"
"bam_re","classic_cluster",1000,0.05,0.95,1.0060839473512,0.0294830883348418,0.0298134040026556,1.01120356402499,1.29096517621064e-05,"hetero",NA,"substantive",1000,500,4,20,"baseline",1,1,"n=500, T=4","Heteroskedastic, serially independent"
"bam_re","penalty_cluster",1000,0.055,0.945,1.0060839473512,0.0294830883348418,0.0291781460443969,0.989657043828594,1.29096517621064e-05,"hetero",NA,"substantive",1000,500,4,20,"baseline",1,1,"n=500, T=4","Heteroskedastic, serially independent"
"bam_re","penalty_cluster_delta",1000,0.054,0.946,1.0060839473512,0.0294830883348418,0.029398475636385,0.997130127702503,1.29096517621064e-05,"hetero",NA,"substantive",1000,500,4,20,"baseline",1,1,"n=500, T=4","Heteroskedastic, serially independent"
"bam_re","mgcv_sandwich_freq",1000,0.059,0.941,1.0060839473512,0.0294830883348418,0.0290871363444658,0.986570199638546,1.29096517621064e-05,"hetero",NA,"substantive",1000,500,4,20,"baseline",1,1,"n=500, T=4","Heteroskedastic, serially independent"
"bam_re","mgcv_sandwich_default",1000,0.057,0.943,1.0060839473512,0.0294830883348418,0.0293079298706878,0.994059019117512,1.29096517621064e-05,"hetero",NA,"substantive",1000,500,4,20,"baseline",1,1,"n=500, T=4","Heteroskedastic, serially independent"
"bam_fd","classic_cluster",1000,0.872,0.944,1.07486925960844,0.0239977536101036,0.0237198554368979,0.98841982555031,8.92319558039559e-07,"hetero_ar1",0.5,"substantive",1000,500,4,20,"baseline",1.075,1,"n=500, T=4","Heteroskedastic AR(1), rho=0.5"
"bam_fd","penalty_cluster",1000,0.873,0.941,1.07486925960844,0.0239977536101036,0.0235728769763486,0.982295149760346,8.92319558039559e-07,"hetero_ar1",0.5,"substantive",1000,500,4,20,"baseline",1.075,1,"n=500, T=4","Heteroskedastic AR(1), rho=0.5"
"bam_fd","penalty_cluster_delta",1000,0.873,0.941,1.07486925960844,0.0239977536101036,0.0235918248459225,0.983084718229201,8.92319558039559e-07,"hetero_ar1",0.5,"substantive",1000,500,4,20,"baseline",1.075,1,"n=500, T=4","Heteroskedastic AR(1), rho=0.5"
"bam_fd","mgcv_sandwich_freq",1000,0.916,0.92,1.07486925960844,0.0239977536101036,0.0213916487739218,0.891402133777863,8.92319558039559e-07,"hetero_ar1",0.5,"substantive",1000,500,4,20,"baseline",1.075,1,"n=500, T=4","Heteroskedastic AR(1), rho=0.5"
"bam_fd","mgcv_sandwich_default",1000,0.916,0.92,1.07486925960844,0.0239977536101036,0.0214124970562517,0.892270893523824,8.92319558039559e-07,"hetero_ar1",0.5,"substantive",1000,500,4,20,"baseline",1.075,1,"n=500, T=4","Heteroskedastic AR(1), rho=0.5"
"bam_fe","classic_cluster",1000,0.87,0.949,1.07560756296584,0.0243563090987088,0.0245336876944472,1.00728265497943,8.40247623030878e-07,"hetero_ar1",0.5,"substantive",1000,500,4,20,"baseline",1.075,1,"n=500, T=4","Heteroskedastic AR(1), rho=0.5"
"bam_fe","penalty_cluster",1000,0.872,0.949,1.07560756296584,0.0243563090987088,0.0244038136562599,1.00195040050439,8.40247623030878e-07,"hetero_ar1",0.5,"substantive",1000,500,4,20,"baseline",1.075,1,"n=500, T=4","Heteroskedastic AR(1), rho=0.5"
"bam_fe","penalty_cluster_delta",1000,0.872,0.949,1.07560756296584,0.0243563090987088,0.0244210336466022,1.00265740378113,8.40247623030878e-07,"hetero_ar1",0.5,"substantive",1000,500,4,20,"baseline",1.075,1,"n=500, T=4","Heteroskedastic AR(1), rho=0.5"
"bam_fe","mgcv_sandwich_freq",1000,0.879,0.949,1.07560756296584,0.0243563090987088,0.0240666071035246,0.98810566929455,8.40247623030878e-07,"hetero_ar1",0.5,"substantive",1000,500,4,20,"baseline",1.075,1,"n=500, T=4","Heteroskedastic AR(1), rho=0.5"
"bam_fe","mgcv_sandwich_default",1000,0.879,0.949,1.07560756296584,0.0243563090987088,0.024084044797753,0.988821610866718,8.40247623030878e-07,"hetero_ar1",0.5,"substantive",1000,500,4,20,"baseline",1.075,1,"n=500, T=4","Heteroskedastic AR(1), rho=0.5"
"bam_re","classic_cluster",1000,0.909,0.949,1.07927263162975,0.0243343384907415,0.0245415471932936,1.00851507439296,5.82400353333653e-06,"hetero_ar1",0.5,"substantive",1000,500,4,20,"baseline",1.075,1,"n=500, T=4","Heteroskedastic AR(1), rho=0.5"
"bam_re","penalty_cluster",1000,0.919,0.946,1.07927263162975,0.0243343384907415,0.0241677838041071,0.993155569579269,5.82400353333653e-06,"hetero_ar1",0.5,"substantive",1000,500,4,20,"baseline",1.075,1,"n=500, T=4","Heteroskedastic AR(1), rho=0.5"
"bam_re","penalty_cluster_delta",1000,0.916,0.949,1.07927263162975,0.0243343384907415,0.024287929741694,0.998092869914459,5.82400353333653e-06,"hetero_ar1",0.5,"substantive",1000,500,4,20,"baseline",1.075,1,"n=500, T=4","Heteroskedastic AR(1), rho=0.5"
"bam_re","mgcv_sandwich_freq",1000,0.923,0.943,1.07927263162975,0.0243343384907415,0.0238556532313094,0.980328815611149,5.82400353333653e-06,"hetero_ar1",0.5,"substantive",1000,500,4,20,"baseline",1.075,1,"n=500, T=4","Heteroskedastic AR(1), rho=0.5"
"bam_re","mgcv_sandwich_default",1000,0.922,0.944,1.07927263162975,0.0243343384907415,0.0239772322210628,0.9853250060685,5.82400353333653e-06,"hetero_ar1",0.5,"substantive",1000,500,4,20,"baseline",1.075,1,"n=500, T=4","Heteroskedastic AR(1), rho=0.5"
"bam_fd","classic_cluster",1000,0.583,0.939,1.07502213115861,0.0343394493694796,0.0342096660928116,0.996220577817901,1.64931277259368e-06,"hetero",NA,"substantive",1000,500,4,20,"baseline",1.075,1,"n=500, T=4","Heteroskedastic, serially independent"
"bam_fd","penalty_cluster",1000,0.589,0.937,1.07502213115861,0.0343394493694796,0.0339801259291004,0.989536132728483,1.64931277259368e-06,"hetero",NA,"substantive",1000,500,4,20,"baseline",1.075,1,"n=500, T=4","Heteroskedastic, serially independent"
"bam_fd","penalty_cluster_delta",1000,0.588,0.937,1.07502213115861,0.0343394493694796,0.0340044084577538,0.990243264878217,1.64931277259368e-06,"hetero",NA,"substantive",1000,500,4,20,"baseline",1.075,1,"n=500, T=4","Heteroskedastic, serially independent"
"bam_fd","mgcv_sandwich_freq",1000,0.698,0.904,1.07502213115861,0.0343394493694796,0.0293492074317196,0.854679034481102,1.64931277259368e-06,"hetero",NA,"substantive",1000,500,4,20,"baseline",1.075,1,"n=500, T=4","Heteroskedastic, serially independent"
"bam_fd","mgcv_sandwich_default",1000,0.696,0.905,1.07502213115861,0.0343394493694796,0.029377285715155,0.855496702904768,1.64931277259368e-06,"hetero",NA,"substantive",1000,500,4,20,"baseline",1.075,1,"n=500, T=4","Heteroskedastic, serially independent"
"bam_fe","classic_cluster",1000,0.703,0.941,1.07544180427077,0.0296005865172063,0.0297983307177065,1.00668041494331,1.23169948801764e-06,"hetero",NA,"substantive",1000,500,4,20,"baseline",1.075,1,"n=500, T=4","Heteroskedastic, serially independent"
"bam_fe","penalty_cluster",1000,0.706,0.939,1.07544180427077,0.0296005865172063,0.0296216285304613,1.00071086474056,1.23169948801764e-06,"hetero",NA,"substantive",1000,500,4,20,"baseline",1.075,1,"n=500, T=4","Heteroskedastic, serially independent"
"bam_fe","penalty_cluster_delta",1000,0.705,0.939,1.07544180427077,0.0296005865172063,0.0296424242814531,1.00141340997492,1.23169948801764e-06,"hetero",NA,"substantive",1000,500,4,20,"baseline",1.075,1,"n=500, T=4","Heteroskedastic, serially independent"
"bam_fe","mgcv_sandwich_freq",1000,0.706,0.94,1.07544180427077,0.0296005865172063,0.0294899942472925,0.996263848696056,1.23169948801764e-06,"hetero",NA,"substantive",1000,500,4,20,"baseline",1.075,1,"n=500, T=4","Heteroskedastic, serially independent"
"bam_fe","mgcv_sandwich_default",1000,0.706,0.94,1.07544180427077,0.0296005865172063,0.0295108608236501,0.996968786631844,1.23169948801764e-06,"hetero",NA,"substantive",1000,500,4,20,"baseline",1.075,1,"n=500, T=4","Heteroskedastic, serially independent"
"bam_re","classic_cluster",1000,0.768,0.95,1.08108358323272,0.029483032565518,0.0298134247629013,1.01120618093302,1.29096732423683e-05,"hetero",NA,"substantive",1000,500,4,20,"baseline",1.075,1,"n=500, T=4","Heteroskedastic, serially independent"
"bam_re","penalty_cluster",1000,0.779,0.945,1.08108358323272,0.029483032565518,0.029178166953646,0.98965962503367,1.29096732423683e-05,"hetero",NA,"substantive",1000,500,4,20,"baseline",1.075,1,"n=500, T=4","Heteroskedastic, serially independent"
"bam_re","penalty_cluster_delta",1000,0.775,0.946,1.08108358323272,0.029483032565518,0.0293984967632482,0.997132730424458,1.29096732423683e-05,"hetero",NA,"substantive",1000,500,4,20,"baseline",1.075,1,"n=500, T=4","Heteroskedastic, serially independent"
"bam_re","mgcv_sandwich_freq",1000,0.786,0.941,1.08108358323272,0.029483032565518,0.029087151654083,0.986572585077357,1.29096732423683e-05,"hetero",NA,"substantive",1000,500,4,20,"baseline",1.075,1,"n=500, T=4","Heteroskedastic, serially independent"
"bam_re","mgcv_sandwich_default",1000,0.783,0.944,1.08108358323272,0.029483032565518,0.0293079454336858,0.994061427316097,1.29096732423683e-05,"hetero",NA,"substantive",1000,500,4,20,"baseline",1.075,1,"n=500, T=4","Heteroskedastic, serially independent"
