"model","method","vcov_type","avg_pointwise_coverage","avg_pointwise_width","uniform_coverage","avg_uniform_width","avg_sup_crit","min_pointwise_coverage","coverage_at_0.25","coverage_at_0.5","coverage_at_0.75","abs_bias","empirical_sd","mean_reported_se","se_to_sd","max_abs_bias","n_success","error_design","rho","df_correction","M","n","T","K","dgp","sample","error_label"
"np","bam_fd","classic_cluster",0.99582,0.28599748986198,1,0.463503957223929,3.17643483360106,0.989,0.997,0.997,0.995,0.00187802510839346,0.0467379421215541,0.0729598839871274,1.56648083282819,0.00531176417557278,1000,"hetero_ar1",0.5,"substantive",1000,200,4,20,"sin_2pi","n=200, T=4","Heteroskedastic AR(1), rho=0.5"
"np","bam_fd","penalty_cluster",0.94072,0.176584043114088,0.914000000000004,0.267734782162347,2.97184316751241,0.929,0.947,0.941,0.943,0.00187802510839346,0.0467379421215541,0.0450477775374855,0.96539696595341,0.00531176417557278,1000,"hetero_ar1",0.5,"substantive",1000,200,4,20,"sin_2pi","n=200, T=4","Heteroskedastic AR(1), rho=0.5"
"np","bam_fd","penalty_cluster_delta",0.964800000000001,0.19776629157954,0.972,0.308191491460027,3.05450910232021,0.952,0.972,0.963,0.957,0.00187802510839346,0.0467379421215541,0.0504515116449831,1.08246766866965,0.00531176417557278,1000,"hetero_ar1",0.5,"substantive",1000,200,4,20,"sin_2pi","n=200, T=4","Heteroskedastic AR(1), rho=0.5"
"np","bam_fd","mgcv_sandwich_freq",0.9234,0.164524463491775,0.871999999999992,0.249629129201266,2.97385001307694,0.909,0.933,0.918,0.921,0.00187802510839346,0.0467379421215541,0.0419712976334064,0.899645729778542,0.00531176417557278,1000,"hetero_ar1",0.5,"substantive",1000,200,4,20,"sin_2pi","n=200, T=4","Heteroskedastic AR(1), rho=0.5"
"np","bam_fd","mgcv_sandwich_default",0.95582,0.186997047750099,0.957000000000004,0.292181767251638,3.06254956179448,0.94,0.962,0.954,0.951,0.00187802510839346,0.0467379421215541,0.0477042050836412,1.02384238132352,0.00531176417557278,1000,"hetero_ar1",0.5,"substantive",1000,200,4,20,"sin_2pi","n=200, T=4","Heteroskedastic AR(1), rho=0.5"
"np","bam_fe","classic_cluster",0.9964,0.300399464319044,1,0.486987646898261,3.17734983906288,0.99,0.999,0.998,0.995,0.00336774117265351,0.0482015716391189,0.076633924574267,1.59456298525764,0.00748512824625025,1000,"hetero_ar1",0.5,"substantive",1000,200,4,20,"sin_2pi","n=200, T=4","Heteroskedastic AR(1), rho=0.5"
"np","bam_fe","penalty_cluster",0.9375,0.180630568413628,0.917999999999994,0.272090465223671,2.95256311987713,0.919,0.942,0.935,0.933,0.00336774117265351,0.0482015716391189,0.0460800733682912,0.956706702039597,0.00748512824625025,1000,"hetero_ar1",0.5,"substantive",1000,200,4,20,"sin_2pi","n=200, T=4","Heteroskedastic AR(1), rho=0.5"
"np","bam_fe","penalty_cluster_delta",0.967000000000001,0.205679646598229,0.979999999999999,0.319928054212461,3.04879401622708,0.955,0.97,0.97,0.968,0.00336774117265351,0.0482015716391189,0.0524702617549618,1.09101186571918,0.00748512824625025,1000,"hetero_ar1",0.5,"substantive",1000,200,4,20,"sin_2pi","n=200, T=4","Heteroskedastic AR(1), rho=0.5"
"np","bam_fe","mgcv_sandwich_freq",0.940660000000001,0.181305613335447,0.919,0.273426381435751,2.9558718745097,0.921,0.948,0.933,0.941,0.00336774117265351,0.0482015716391189,0.0462522818698616,0.960436012540251,0.00748512824625025,1000,"hetero_ar1",0.5,"substantive",1000,200,4,20,"sin_2pi","n=200, T=4","Heteroskedastic AR(1), rho=0.5"
"np","bam_fe","mgcv_sandwich_default",0.968399999999999,0.206201993339555,0.982999999999998,0.320808839964825,3.04939540339719,0.957,0.972,0.971,0.97,0.00336774117265351,0.0482015716391189,0.0526035159232645,1.09392169499181,0.00748512824625025,1000,"hetero_ar1",0.5,"substantive",1000,200,4,20,"sin_2pi","n=200, T=4","Heteroskedastic AR(1), rho=0.5"
"np","bam_re","classic_cluster",0.99528,0.300601389166129,0.999,0.487310125617869,3.17732509465427,0.985,0.997,0.997,0.996,0.0152014887085928,0.0476118381895635,0.0766854369614019,1.61407532315027,0.0271724790921067,1000,"hetero_ar1",0.5,"substantive",1000,200,4,20,"sin_2pi","n=200, T=4","Heteroskedastic AR(1), rho=0.5"
"np","bam_re","penalty_cluster",0.92266,0.176952429630777,0.880000000000003,0.267012608335376,2.95762420773673,0.898,0.917,0.929,0.922,0.0152014887085928,0.0476118381895635,0.0451417554165676,0.949007228355912,0.0271724790921067,1000,"hetero_ar1",0.5,"substantive",1000,200,4,20,"sin_2pi","n=200, T=4","Heteroskedastic AR(1), rho=0.5"
"np","bam_re","penalty_cluster_delta",0.959780000000001,0.203974362727577,0.970999999999999,0.317464437656576,3.05059708303544,0.939,0.957,0.971,0.955,0.0152014887085928,0.0476118381895635,0.0520352323656202,1.09496976758412,0.0271724790921067,1000,"hetero_ar1",0.5,"substantive",1000,200,4,20,"sin_2pi","n=200, T=4","Heteroskedastic AR(1), rho=0.5"
"np","bam_re","mgcv_sandwich_freq",0.92524,0.177587519116603,0.900000000000001,0.268176672708928,2.9597891518108,0.905,0.914,0.93,0.923,0.0152014887085928,0.0476118381895635,0.0453037710175776,0.952565849700572,0.0271724790921067,1000,"hetero_ar1",0.5,"substantive",1000,200,4,20,"sin_2pi","n=200, T=4","Heteroskedastic AR(1), rho=0.5"
"np","bam_re","mgcv_sandwich_default",0.961499999999999,0.204450956929267,0.974000000000002,0.318292923447033,3.05138868823576,0.944,0.961,0.969,0.958,0.0152014887085928,0.0476118381895635,0.0521568147532175,1.09766932446533,0.0271724790921067,1000,"hetero_ar1",0.5,"substantive",1000,200,4,20,"sin_2pi","n=200, T=4","Heteroskedastic AR(1), rho=0.5"
"pl","bam_fd","classic_cluster",0.99644,0.289671049735535,0.999,0.469190665116763,3.17453189122268,0.989,0.999,0.997,1,0.00178488773619178,0.0462900201002341,0.0738970338282802,1.5995928868136,0.00426124928172855,1000,"hetero_ar1",0.5,"substantive",1000,200,4,20,"sin_2pi","n=200, T=4","Heteroskedastic AR(1), rho=0.5"
"pl","bam_fd","penalty_cluster",0.944720000000001,0.178538771920025,0.921,0.270081466695125,2.96492662619537,0.925,0.939,0.954,0.952,0.00178488773619178,0.0462900201002341,0.0455464420081991,0.985439108048103,0.00426124928172855,1000,"hetero_ar1",0.5,"substantive",1000,200,4,20,"sin_2pi","n=200, T=4","Heteroskedastic AR(1), rho=0.5"
"pl","bam_fd","penalty_cluster_delta",0.969260000000001,0.200087951360594,0.978999999999999,0.311743713366467,3.05364875115161,0.955,0.981,0.97,0.969,0.00178488773619178,0.0462900201002341,0.0510437826763303,1.10727380405704,0.00426124928172855,1000,"hetero_ar1",0.5,"substantive",1000,200,4,20,"sin_2pi","n=200, T=4","Heteroskedastic AR(1), rho=0.5"
"pl","bam_fd","mgcv_sandwich_freq",0.92664,0.166028990760036,0.888000000000003,0.251406837634524,2.9678121650347,0.902,0.928,0.929,0.934,0.00178488773619178,0.0462900201002341,0.0423551126626948,0.917024684164476,0.00426124928172855,1000,"hetero_ar1",0.5,"substantive",1000,200,4,20,"sin_2pi","n=200, T=4","Heteroskedastic AR(1), rho=0.5"
"pl","bam_fd","mgcv_sandwich_default",0.95958,0.188906438311364,0.967000000000001,0.29520666573657,3.0627600615082,0.943,0.966,0.965,0.961,0.00178488773619178,0.0462900201002341,0.0481913034630825,1.04631371949611,0.00426124928172855,1000,"hetero_ar1",0.5,"substantive",1000,200,4,20,"sin_2pi","n=200, T=4","Heteroskedastic AR(1), rho=0.5"
"pl","bam_fe","classic_cluster",0.99764,0.301732470245057,1,0.488832063960124,3.17531559828322,0.994,0.997,0.998,0.998,0.00204752699829941,0.0474328308685381,0.076973983355073,1.62655083783369,0.00502839349240602,1000,"hetero_ar1",0.5,"substantive",1000,200,4,20,"sin_2pi","n=200, T=4","Heteroskedastic AR(1), rho=0.5"
"pl","bam_fe","penalty_cluster",0.943780000000001,0.181769302243365,0.920999999999999,0.273524185837607,2.94953984083505,0.932,0.939,0.938,0.954,0.00204752699829941,0.0474328308685381,0.0463705720301846,0.97901624409944,0.00502839349240602,1000,"hetero_ar1",0.5,"substantive",1000,200,4,20,"sin_2pi","n=200, T=4","Heteroskedastic AR(1), rho=0.5"
"pl","bam_fe","penalty_cluster_delta",0.97252,0.207169122805355,0.985,0.322349014360044,3.04978527536252,0.958,0.976,0.972,0.969,0.00204752699829941,0.0474328308685381,0.0528502371572842,1.11931463702385,0.00502839349240602,1000,"hetero_ar1",0.5,"substantive",1000,200,4,20,"sin_2pi","n=200, T=4","Heteroskedastic AR(1), rho=0.5"
"pl","bam_fe","mgcv_sandwich_freq",0.94592,0.182482407087145,0.927,0.274903808053631,2.95272881634726,0.932,0.943,0.943,0.954,0.00204752699829941,0.0474328308685381,0.046552489873932,0.983362452013519,0.00502839349240602,1000,"hetero_ar1",0.5,"substantive",1000,200,4,20,"sin_2pi","n=200, T=4","Heteroskedastic AR(1), rho=0.5"
"pl","bam_fe","mgcv_sandwich_default",0.973440000000001,0.207711490086118,0.987000000000001,0.323173585551022,3.049522780213,0.959,0.979,0.972,0.971,0.00204752699829941,0.0474328308685381,0.0529885986999047,1.12268362691034,0.00502839349240602,1000,"hetero_ar1",0.5,"substantive",1000,200,4,20,"sin_2pi","n=200, T=4","Heteroskedastic AR(1), rho=0.5"
"pl","bam_re","classic_cluster",0.99694,0.301929396086823,1,0.489150317936676,3.17529935094751,0.986,0.998,0.999,0.999,0.0135968700281371,0.0470542977422007,0.0770242204623154,1.64012389940802,0.0246710950826629,1000,"hetero_ar1",0.5,"substantive",1000,200,4,20,"sin_2pi","n=200, T=4","Heteroskedastic AR(1), rho=0.5"
"pl","bam_re","penalty_cluster",0.929099999999999,0.17820865444864,0.907,0.268603975539296,2.95429918865136,0.902,0.922,0.933,0.927,0.0135968700281371,0.0470542977422007,0.0454622268200659,0.96796865503524,0.0246710950826629,1000,"hetero_ar1",0.5,"substantive",1000,200,4,20,"sin_2pi","n=200, T=4","Heteroskedastic AR(1), rho=0.5"
"pl","bam_re","penalty_cluster_delta",0.963100000000001,0.205558884088822,0.98,0.320039154155203,3.05161346623077,0.938,0.962,0.968,0.966,0.0135968700281371,0.0470542977422007,0.0524394544262661,1.11956598067475,0.0246710950826629,1000,"hetero_ar1",0.5,"substantive",1000,200,4,20,"sin_2pi","n=200, T=4","Heteroskedastic AR(1), rho=0.5"
"pl","bam_re","mgcv_sandwich_freq",0.932539999999999,0.178906023844619,0.910000000000002,0.269900624568438,2.9568887127357,0.909,0.934,0.941,0.929,0.0135968700281371,0.0470542977422007,0.0456401304452037,0.972192905166333,0.0246710950826629,1000,"hetero_ar1",0.5,"substantive",1000,200,4,20,"sin_2pi","n=200, T=4","Heteroskedastic AR(1), rho=0.5"
"pl","bam_re","mgcv_sandwich_default",0.96436,0.206076060161365,0.986,0.320810507623528,3.05122429867055,0.94,0.961,0.971,0.968,0.0135968700281371,0.0470542977422007,0.0525713895221716,1.12275970096639,0.0246710950826629,1000,"hetero_ar1",0.5,"substantive",1000,200,4,20,"sin_2pi","n=200, T=4","Heteroskedastic AR(1), rho=0.5"
"np","bam_fd","classic_cluster",0.99748,0.430038632817466,0.999,0.696934872674389,3.17643727977269,0.991,0.998,0.998,0.998,0.00459055774905731,0.0659116055906686,0.109705748730476,1.67365429407738,0.0116045102418296,1000,"hetero",NA,"substantive",1000,200,4,20,"sin_2pi","n=200, T=4","Heteroskedastic, serially independent"
"np","bam_fd","penalty_cluster",0.940799999999999,0.250518919446741,0.919000000000001,0.374858904717744,2.93295818233211,0.925,0.95,0.946,0.953,0.00459055774905731,0.0659116055906686,0.0639090619579754,0.972494322889798,0.0116045102418296,1000,"hetero",NA,"substantive",1000,200,4,20,"sin_2pi","n=200, T=4","Heteroskedastic, serially independent"
"np","bam_fd","penalty_cluster_delta",0.962540000000001,0.277564022713277,0.976000000000001,0.427530044771729,3.01905259747423,0.948,0.969,0.965,0.97,0.00459055774905731,0.0659116055906686,0.0708084497732272,1.0789811048354,0.0116045102418296,1000,"hetero",NA,"substantive",1000,200,4,20,"sin_2pi","n=200, T=4","Heteroskedastic, serially independent"
"np","bam_fd","mgcv_sandwich_freq",0.903439999999999,0.218763558696063,0.821999999999998,0.327436219675199,2.93355992796016,0.88,0.91,0.917,0.909,0.00459055774905731,0.0659116055906686,0.0558080557657288,0.849045099444667,0.0116045102418296,1000,"hetero",NA,"substantive",1000,200,4,20,"sin_2pi","n=200, T=4","Heteroskedastic, serially independent"
"np","bam_fd","mgcv_sandwich_default",0.941700000000001,0.249173022379448,0.933000000000001,0.385966917761327,3.03592756454964,0.921,0.956,0.951,0.949,0.00459055774905731,0.0659116055906686,0.0635657145602912,0.968795526870074,0.0116045102418296,1000,"hetero",NA,"substantive",1000,200,4,20,"sin_2pi","n=200, T=4","Heteroskedastic, serially independent"
"np","bam_fe","classic_cluster",0.99814,0.373904548762858,1,0.606053562290888,3.17685059011474,0.993,1,1,1,0.00403590316808582,0.0564442701158385,0.0953855661920754,1.69843939983128,0.0103589211376117,1000,"hetero",NA,"substantive",1000,200,4,20,"sin_2pi","n=200, T=4","Heteroskedastic, serially independent"
"np","bam_fe","penalty_cluster",0.941359999999999,0.215790456203232,0.917999999999995,0.322074339359865,2.9255678114243,0.929,0.948,0.935,0.945,0.00403590316808582,0.0564442701158385,0.0550495973153995,0.97766334182275,0.0103589211376117,1000,"hetero",NA,"substantive",1000,200,4,20,"sin_2pi","n=200, T=4","Heteroskedastic, serially independent"
"np","bam_fe","penalty_cluster_delta",0.96922,0.245898834415126,0.98,0.380105036142385,3.02973198868089,0.955,0.976,0.973,0.975,0.00403590316808582,0.0564442701158385,0.0627304471803422,1.11628584682229,0.0103589211376117,1000,"hetero",NA,"substantive",1000,200,4,20,"sin_2pi","n=200, T=4","Heteroskedastic, serially independent"
"np","bam_fe","mgcv_sandwich_freq",0.943979999999999,0.216570182599289,0.929000000000001,0.323437998740331,2.9271996562001,0.928,0.955,0.943,0.951,0.00403590316808582,0.0564442701158385,0.0552485107653933,0.98105660429949,0.0103589211376117,1000,"hetero",NA,"substantive",1000,200,4,20,"sin_2pi","n=200, T=4","Heteroskedastic, serially independent"
"np","bam_fe","mgcv_sandwich_default",0.970440000000001,0.24651180375392,0.982999999999999,0.381047881004874,3.02961599715897,0.958,0.978,0.975,0.975,0.00403590316808582,0.0564442701158385,0.0628868197830098,1.11894176847748,0.0103589211376117,1000,"hetero",NA,"substantive",1000,200,4,20,"sin_2pi","n=200, T=4","Heteroskedastic, serially independent"
"np","bam_re","classic_cluster",0.99658,0.374255592106037,1,0.606600576172985,3.17673703156357,0.986,0.998,1,1,0.0222412341852404,0.0553273038287406,0.0954751197109021,1.73213183982783,0.0411489430763211,1000,"hetero",NA,"substantive",1000,200,4,20,"sin_2pi","n=200, T=4","Heteroskedastic, serially independent"
"np","bam_re","penalty_cluster",0.916220000000001,0.208639665553312,0.873000000000003,0.312281380582145,2.93375171452873,0.889,0.921,0.938,0.917,0.0222412341852404,0.0553273038287406,0.0532253825067796,0.964788731249538,0.0411489430763211,1000,"hetero",NA,"substantive",1000,200,4,20,"sin_2pi","n=200, T=4","Heteroskedastic, serially independent"
"np","bam_re","penalty_cluster_delta",0.95666,0.242541212064851,0.969000000000004,0.375305113959829,3.03285684861706,0.933,0.963,0.975,0.96,0.0222412341852404,0.0553273038287406,0.0618738951271516,1.12270840739448,0.0411489430763211,1000,"hetero",NA,"substantive",1000,200,4,20,"sin_2pi","n=200, T=4","Heteroskedastic, serially independent"
"np","bam_re","mgcv_sandwich_freq",0.91828,0.209397596321287,0.895000000000001,0.313580409271046,2.93510315495869,0.893,0.926,0.94,0.917,0.0222412341852404,0.0553273038287406,0.0534187357453986,0.96814576298634,0.0411489430763211,1000,"hetero",NA,"substantive",1000,200,4,20,"sin_2pi","n=200, T=4","Heteroskedastic, serially independent"
"np","bam_re","mgcv_sandwich_default",0.95806,0.24311333630772,0.968000000000001,0.376296658264401,3.03364280024645,0.931,0.967,0.976,0.961,0.0222412341852404,0.0553273038287406,0.0620198478710238,1.1252344289548,0.0411489430763211,1000,"hetero",NA,"substantive",1000,200,4,20,"sin_2pi","n=200, T=4","Heteroskedastic, serially independent"
"pl","bam_fd","classic_cluster",0.9971,0.429657530187209,1,0.69614349170768,3.1756429417876,0.989,0.996,0.999,0.997,0.00411394363780144,0.0662180388115949,0.109608526885262,1.65860987286115,0.0100498114351323,1000,"hetero",NA,"substantive",1000,200,4,20,"sin_2pi","n=200, T=4","Heteroskedastic, serially independent"
"pl","bam_fd","penalty_cluster",0.94114,0.251060668305993,0.922999999999998,0.375241525493996,2.92929999003106,0.931,0.944,0.95,0.95,0.00411394363780144,0.0662180388115949,0.0640472657371074,0.968221181167803,0.0100498114351323,1000,"hetero",NA,"substantive",1000,200,4,20,"sin_2pi","n=200, T=4","Heteroskedastic, serially independent"
"pl","bam_fd","penalty_cluster_delta",0.96506,0.27835748636157,0.972,0.42876600847993,3.01907907650386,0.951,0.97,0.968,0.969,0.00411394363780144,0.0662180388115949,0.071010867688697,1.0762320999534,0.0100498114351323,1000,"hetero",NA,"substantive",1000,200,4,20,"sin_2pi","n=200, T=4","Heteroskedastic, serially independent"
"pl","bam_fd","mgcv_sandwich_freq",0.904440000000001,0.219414378537876,0.828999999999998,0.328152124625291,2.93106197570616,0.888,0.898,0.914,0.901,0.00411394363780144,0.0662180388115949,0.0559740842863922,0.846345179616729,0.0100498114351323,1000,"hetero",NA,"substantive",1000,200,4,20,"sin_2pi","n=200, T=4","Heteroskedastic, serially independent"
"pl","bam_fd","mgcv_sandwich_default",0.942479999999998,0.250055689605032,0.941000000000002,0.387259084657245,3.03532477273664,0.922,0.957,0.952,0.946,0.00411394363780144,0.0662180388115949,0.0637908889085309,0.967563307215177,0.0100498114351323,1000,"hetero",NA,"substantive",1000,200,4,20,"sin_2pi","n=200, T=4","Heteroskedastic, serially independent"
"pl","bam_fe","classic_cluster",0.99744,0.373239048158897,1,0.605183259143524,3.17804848747947,0.989,0.997,0.998,0.997,0.00427082541367297,0.0560748348121761,0.0952157925102092,1.7014553436441,0.00786790222294587,1000,"hetero",NA,"substantive",1000,200,4,20,"sin_2pi","n=200, T=4","Heteroskedastic, serially independent"
"pl","bam_fe","penalty_cluster",0.945579999999999,0.215656084629627,0.931999999999994,0.321469641112984,2.92176177046426,0.935,0.955,0.942,0.951,0.00427082541367297,0.0560748348121761,0.0550153182228588,0.982197661094362,0.00786790222294587,1000,"hetero",NA,"substantive",1000,200,4,20,"sin_2pi","n=200, T=4","Heteroskedastic, serially independent"
"pl","bam_fe","penalty_cluster_delta",0.97196,0.246081415174881,0.980000000000004,0.380257649657292,3.02871669746521,0.958,0.98,0.97,0.97,0.00427082541367297,0.0560748348121761,0.0627770247606436,1.12479016854803,0.00786790222294587,1000,"hetero",NA,"substantive",1000,200,4,20,"sin_2pi","n=200, T=4","Heteroskedastic, serially independent"
"pl","bam_fe","mgcv_sandwich_freq",0.9472,0.216700145649713,0.940000000000002,0.323253214487788,2.92368392570656,0.934,0.958,0.947,0.951,0.00427082541367297,0.0560748348121761,0.0552816652140081,0.987445138973312,0.00786790222294587,1000,"hetero",NA,"substantive",1000,200,4,20,"sin_2pi","n=200, T=4","Heteroskedastic, serially independent"
"pl","bam_fe","mgcv_sandwich_default",0.97348,0.246899581313834,0.981000000000003,0.381675204913617,3.02982913701199,0.959,0.98,0.969,0.975,0.00427082541367297,0.0560748348121761,0.0629857444476906,1.12895515700532,0.00786790222294587,1000,"hetero",NA,"substantive",1000,200,4,20,"sin_2pi","n=200, T=4","Heteroskedastic, serially independent"
"pl","bam_re","classic_cluster",0.99596,0.373636417871661,1,0.605769214758748,3.17773605193001,0.984,0.996,0.999,0.996,0.0219322208953797,0.0555435684631639,0.0953171641976223,1.71846647883963,0.0373482583481747,1000,"hetero",NA,"substantive",1000,200,4,20,"sin_2pi","n=200, T=4","Heteroskedastic, serially independent"
"pl","bam_re","penalty_cluster",0.916419999999999,0.208875463112882,0.864999999999998,0.312097002116757,2.92858877291847,0.881,0.918,0.933,0.917,0.0219322208953797,0.0555435684631639,0.0532855360507808,0.961039711356297,0.0373482583481747,1000,"hetero",NA,"substantive",1000,200,4,20,"sin_2pi","n=200, T=4","Heteroskedastic, serially independent"
"pl","bam_re","penalty_cluster_delta",0.95548,0.242952652442278,0.966999999999999,0.37578191107058,3.03158488695799,0.929,0.968,0.97,0.95,0.0219322208953797,0.0555435684631639,0.0619788563357943,1.12112708529013,0.0373482583481747,1000,"hetero",NA,"substantive",1000,200,4,20,"sin_2pi","n=200, T=4","Heteroskedastic, serially independent"
"pl","bam_re","mgcv_sandwich_freq",0.91892,0.209905706455252,0.878000000000012,0.313777434717786,2.92977545027353,0.884,0.919,0.933,0.921,0.0219322208953797,0.0555435684631639,0.0535483580593728,0.966235632564496,0.0373482583481747,1000,"hetero",NA,"substantive",1000,200,4,20,"sin_2pi","n=200, T=4","Heteroskedastic, serially independent"
"pl","bam_re","mgcv_sandwich_default",0.957280000000001,0.243730901878271,0.968,0.377150405380863,3.03281777433033,0.936,0.97,0.968,0.949,0.0219322208953797,0.0555435684631639,0.0621773930033381,1.12511211093923,0.0373482583481747,1000,"hetero",NA,"substantive",1000,200,4,20,"sin_2pi","n=200, T=4","Heteroskedastic, serially independent"
"np","bam_fd","classic_cluster",0.99386,0.190287093541048,1,0.308895183179632,3.18165350228522,0.985,0.997,0.991,0.996,0.0015264706874505,0.0332050697986432,0.0485435179018615,1.46505666622716,0.0045838023201038,1000,"hetero_ar1",0.5,"substantive",1000,200,8,20,"sin_2pi","n=200, T=8","Heteroskedastic AR(1), rho=0.5"
"np","bam_fd","penalty_cluster",0.944600000000001,0.128157154294166,0.936999999999998,0.197624292645473,3.0223346435354,0.925,0.959,0.945,0.952,0.0015264706874505,0.0332050697986432,0.0326937523610263,0.98803435692557,0.0045838023201038,1000,"hetero_ar1",0.5,"substantive",1000,200,8,20,"sin_2pi","n=200, T=8","Heteroskedastic AR(1), rho=0.5"
"np","bam_fd","penalty_cluster_delta",0.966219999999999,0.141873858056548,0.98,0.223715817281959,3.09065870850137,0.949,0.979,0.961,0.971,0.0015264706874505,0.0332050697986432,0.0361929757831345,1.09416568411948,0.0045838023201038,1000,"hetero_ar1",0.5,"substantive",1000,200,8,20,"sin_2pi","n=200, T=8","Heteroskedastic AR(1), rho=0.5"
"np","bam_fd","mgcv_sandwich_freq",0.92222,0.116786427402099,0.885000000000004,0.180288817697418,3.0255186465208,0.902,0.939,0.925,0.922,0.0015264706874505,0.0332050697986432,0.0297930034233526,0.90054265411972,0.0045838023201038,1000,"hetero_ar1",0.5,"substantive",1000,200,8,20,"sin_2pi","n=200, T=8","Heteroskedastic AR(1), rho=0.5"
"np","bam_fd","mgcv_sandwich_default",0.953420000000001,0.131635422735286,0.964999999999998,0.208153496962604,3.09917641351616,0.933,0.969,0.952,0.952,0.0015264706874505,0.0332050697986432,0.0335810820437543,1.01543820548864,0.0045838023201038,1000,"hetero_ar1",0.5,"substantive",1000,200,8,20,"sin_2pi","n=200, T=8","Heteroskedastic AR(1), rho=0.5"
"np","bam_fe","classic_cluster",0.99582,0.21578059124799,1,0.350136589635801,3.18035557608101,0.988,0.992,0.994,0.995,0.00226907154729602,0.0359664233864793,0.0550470806989413,1.53059216304628,0.0059179123449411,1000,"hetero_ar1",0.5,"substantive",1000,200,8,20,"sin_2pi","n=200, T=8","Heteroskedastic AR(1), rho=0.5"
"np","bam_fe","penalty_cluster",0.9448,0.138735714590226,0.926,0.212018611598344,2.99530655648798,0.926,0.946,0.926,0.947,0.00226907154729602,0.0359664233864793,0.0353924142699958,0.985201681475465,0.0059179123449411,1000,"hetero_ar1",0.5,"substantive",1000,200,8,20,"sin_2pi","n=200, T=8","Heteroskedastic AR(1), rho=0.5"
"np","bam_fe","penalty_cluster_delta",0.97072,0.157216545067143,0.982,0.247104055670958,3.08058467447688,0.958,0.971,0.966,0.972,0.00226907154729602,0.0359664233864793,0.040106998472229,1.11735272655525,0.0059179123449411,1000,"hetero_ar1",0.5,"substantive",1000,200,8,20,"sin_2pi","n=200, T=8","Heteroskedastic AR(1), rho=0.5"
"np","bam_fe","mgcv_sandwich_freq",0.94696,0.139163565752773,0.936999999999997,0.212813729525472,2.99710814746028,0.932,0.945,0.932,0.947,0.00226907154729602,0.0359664233864793,0.0355015619803418,0.988463804549561,0.0059179123449411,1000,"hetero_ar1",0.5,"substantive",1000,200,8,20,"sin_2pi","n=200, T=8","Heteroskedastic AR(1), rho=0.5"
"np","bam_fe","mgcv_sandwich_default",0.97184,0.157537992304749,0.991,0.247679664355944,3.08132090627827,0.96,0.97,0.963,0.973,0.00226907154729602,0.0359664233864793,0.0401890018253879,1.11984515312316,0.0059179123449411,1000,"hetero_ar1",0.5,"substantive",1000,200,8,20,"sin_2pi","n=200, T=8","Heteroskedastic AR(1), rho=0.5"
"np","bam_re","classic_cluster",0.99462,0.215828261712984,1,0.350214103079318,3.18035648504783,0.982,0.991,0.993,0.994,0.00844256290230122,0.0359217834083257,0.0550592417553103,1.53238803868565,0.0169713028723198,1000,"hetero_ar1",0.5,"substantive",1000,200,8,20,"sin_2pi","n=200, T=8","Heteroskedastic AR(1), rho=0.5"
"np","bam_re","penalty_cluster",0.93622,0.137575746944335,0.907999999999999,0.210376075201861,2.99715114316886,0.918,0.939,0.922,0.936,0.00844256290230122,0.0359217834083257,0.0350964987187303,0.97834082850706,0.0169713028723198,1000,"hetero_ar1",0.5,"substantive",1000,200,8,20,"sin_2pi","n=200, T=8","Heteroskedastic AR(1), rho=0.5"
"np","bam_re","penalty_cluster_delta",0.966379999999999,0.156692298724662,0.981000000000001,0.246337882886543,3.08129937294481,0.95,0.962,0.966,0.969,0.00844256290230122,0.0359217834083257,0.0399732597028903,1.11490729185683,0.0169713028723198,1000,"hetero_ar1",0.5,"substantive",1000,200,8,20,"sin_2pi","n=200, T=8","Heteroskedastic AR(1), rho=0.5"
"np","bam_re","mgcv_sandwich_freq",0.938340000000001,0.137980765474209,0.917999999999995,0.211152820038431,2.99921022302298,0.915,0.944,0.931,0.937,0.00844256290230122,0.0359217834083257,0.035199821670853,0.981435427108302,0.0169713028723198,1000,"hetero_ar1",0.5,"substantive",1000,200,8,20,"sin_2pi","n=200, T=8","Heteroskedastic AR(1), rho=0.5"
"np","bam_re","mgcv_sandwich_default",0.967319999999999,0.156990530892289,0.987000000000001,0.246876953205626,3.08205008687537,0.95,0.963,0.96,0.971,0.00844256290230122,0.0359217834083257,0.0400493407354957,1.11722985782638,0.0169713028723198,1000,"hetero_ar1",0.5,"substantive",1000,200,8,20,"sin_2pi","n=200, T=8","Heteroskedastic AR(1), rho=0.5"
"pl","bam_fd","classic_cluster",0.99384,0.192105135328046,0.997,0.311676362690908,3.17988488375239,0.98,0.993,0.995,0.995,0.00179059959666575,0.0337782300468043,0.0490073125943504,1.45165136518757,0.00482140687808974,1000,"hetero_ar1",0.5,"substantive",1000,200,8,20,"sin_2pi","n=200, T=8","Heteroskedastic AR(1), rho=0.5"
"pl","bam_fd","penalty_cluster",0.94304,0.129439659539686,0.931000000000002,0.1993190530151,3.018037481683,0.927,0.938,0.943,0.948,0.00179059959666575,0.0337782300468043,0.0330209280784468,0.980538804504582,0.00482140687808974,1000,"hetero_ar1",0.5,"substantive",1000,200,8,20,"sin_2pi","n=200, T=8","Heteroskedastic AR(1), rho=0.5"
"pl","bam_fd","penalty_cluster_delta",0.966179999999999,0.143392106202414,0.976000000000001,0.22601025136635,3.08924052245605,0.939,0.966,0.963,0.965,0.00179059959666575,0.0337782300468043,0.0365802911006203,1.08841415792372,0.00482140687808974,1000,"hetero_ar1",0.5,"substantive",1000,200,8,20,"sin_2pi","n=200, T=8","Heteroskedastic AR(1), rho=0.5"
"pl","bam_fd","mgcv_sandwich_freq",0.91858,0.117599723893549,0.854000000000004,0.18124927469081,3.02071562115732,0.898,0.915,0.924,0.93,0.00179059959666575,0.0337782300468043,0.0300004808305562,0.891731078920568,0.00482140687808974,1000,"hetero_ar1",0.5,"substantive",1000,200,8,20,"sin_2pi","n=200, T=8","Heteroskedastic AR(1), rho=0.5"
"pl","bam_fd","mgcv_sandwich_default",0.951080000000001,0.132724647215724,0.951,0.209846469129993,3.09880130541059,0.924,0.951,0.953,0.949,0.00179059959666575,0.0337782300468043,0.0338589505375198,1.00859208232505,0.00482140687808974,1000,"hetero_ar1",0.5,"substantive",1000,200,8,20,"sin_2pi","n=200, T=8","Heteroskedastic AR(1), rho=0.5"
"pl","bam_fe","classic_cluster",0.99552,0.215584130636006,1,0.349738522263267,3.17968500210117,0.99,0.994,0.996,0.996,0.00215878374168143,0.0359761969010051,0.0549969622749465,1.52544373070266,0.00498156077418277,1000,"hetero_ar1",0.5,"substantive",1000,200,8,20,"sin_2pi","n=200, T=8","Heteroskedastic AR(1), rho=0.5"
"pl","bam_fe","penalty_cluster",0.94556,0.138742710079062,0.923999999999998,0.21167251355506,2.99027550781807,0.935,0.946,0.94,0.946,0.00215878374168143,0.0359761969010051,0.0353941988662667,0.984536982291159,0.00498156077418277,1000,"hetero_ar1",0.5,"substantive",1000,200,8,20,"sin_2pi","n=200, T=8","Heteroskedastic AR(1), rho=0.5"
"pl","bam_fe","penalty_cluster_delta",0.97084,0.157439706457584,0.981,0.247443248988477,3.08042808698405,0.958,0.971,0.966,0.972,0.00215878374168143,0.0359761969010051,0.0401639284444633,1.120140955343,0.00498156077418277,1000,"hetero_ar1",0.5,"substantive",1000,200,8,20,"sin_2pi","n=200, T=8","Heteroskedastic AR(1), rho=0.5"
"pl","bam_fe","mgcv_sandwich_freq",0.94776,0.139011574759766,0.939000000000001,0.212283799056145,2.99306567953972,0.932,0.951,0.94,0.943,0.00215878374168143,0.0359761969010051,0.0354627880553602,0.986791255119953,0.00498156077418277,1000,"hetero_ar1",0.5,"substantive",1000,200,8,20,"sin_2pi","n=200, T=8","Heteroskedastic AR(1), rho=0.5"
"pl","bam_fe","mgcv_sandwich_default",0.97138,0.157613579112806,0.986,0.247753731865111,3.08083503013276,0.961,0.974,0.968,0.97,0.00215878374168143,0.0359761969010051,0.0402082845287061,1.12169004946993,0.00498156077418277,1000,"hetero_ar1",0.5,"substantive",1000,200,8,20,"sin_2pi","n=200, T=8","Heteroskedastic AR(1), rho=0.5"
"pl","bam_re","classic_cluster",0.9952,0.215637725838252,1,0.34981899768336,3.1796268747927,0.987,0.994,0.996,0.996,0.00826205636517063,0.0358647566549233,0.0550106347716527,1.53040340334508,0.0154779759881871,1000,"hetero_ar1",0.5,"substantive",1000,200,8,20,"sin_2pi","n=200, T=8","Heteroskedastic AR(1), rho=0.5"
"pl","bam_re","penalty_cluster",0.937239999999999,0.137635945526007,0.914000000000001,0.210131759586033,2.9923714271752,0.917,0.938,0.94,0.937,0.00826205636517063,0.0358647566549233,0.0351118557819587,0.979941387334041,0.0154779759881871,1000,"hetero_ar1",0.5,"substantive",1000,200,8,20,"sin_2pi","n=200, T=8","Heteroskedastic AR(1), rho=0.5"
"pl","bam_re","penalty_cluster_delta",0.96644,0.156946142825663,0.977999999999999,0.246737509906661,3.08128906411434,0.947,0.964,0.968,0.963,0.00826205636517063,0.0358647566549233,0.0400380170410361,1.12020461387538,0.0154779759881871,1000,"hetero_ar1",0.5,"substantive",1000,200,8,20,"sin_2pi","n=200, T=8","Heteroskedastic AR(1), rho=0.5"
"pl","bam_re","mgcv_sandwich_freq",0.9389,0.137882126773515,0.923999999999996,0.210695812536862,2.99501064286779,0.922,0.939,0.944,0.935,0.00826205636517063,0.0358647566549233,0.0351746582746193,0.982008858514222,0.0154779759881871,1000,"hetero_ar1",0.5,"substantive",1000,200,8,20,"sin_2pi","n=200, T=8","Heteroskedastic AR(1), rho=0.5"
"pl","bam_re","mgcv_sandwich_default",0.96774,0.157098244705645,0.983,0.246991728379178,3.0814318018391,0.951,0.968,0.969,0.961,0.00826205636517063,0.0358647566549233,0.0400768192540312,1.1215735240335,0.0154779759881871,1000,"hetero_ar1",0.5,"substantive",1000,200,8,20,"sin_2pi","n=200, T=8","Heteroskedastic AR(1), rho=0.5"
"np","bam_fd","classic_cluster",0.99528,0.291096346726573,1,0.472384504644928,3.18063505171181,0.989,0.993,0.997,0.994,0.00299875891413519,0.0486249049588309,0.0742606366807512,1.52525355123521,0.00619019554485412,1000,"hetero",NA,"substantive",1000,200,8,20,"sin_2pi","n=200, T=8","Heteroskedastic, serially independent"
"np","bam_fd","penalty_cluster",0.94156,0.185239070187889,0.917999999999996,0.282459092537575,2.98865453408428,0.927,0.934,0.945,0.948,0.00299875891413519,0.0486249049588309,0.0472557331790358,0.971778627032531,0.00619019554485412,1000,"hetero",NA,"substantive",1000,200,8,20,"sin_2pi","n=200, T=8","Heteroskedastic, serially independent"
"np","bam_fd","penalty_cluster_delta",0.96058,0.203072785102696,0.970999999999999,0.316798490393937,3.0577215051528,0.949,0.949,0.963,0.962,0.00299875891413519,0.0486249049588309,0.0518052338472819,1.06591250062341,0.00619019554485412,1000,"hetero",NA,"substantive",1000,200,8,20,"sin_2pi","n=200, T=8","Heteroskedastic, serially independent"
"np","bam_fd","mgcv_sandwich_freq",0.88916,0.155737866594391,0.773999999999999,0.237712144877852,2.99149395823801,0.861,0.881,0.899,0.896,0.00299875891413519,0.0486249049588309,0.0397297776445974,0.817026521574086,0.00619019554485412,1000,"hetero",NA,"substantive",1000,200,8,20,"sin_2pi","n=200, T=8","Heteroskedastic, serially independent"
"np","bam_fd","mgcv_sandwich_default",0.93026,0.176495702752682,0.911999999999997,0.276912688473629,3.07509348151178,0.913,0.92,0.94,0.934,0.00299875891413519,0.0486249049588309,0.0450252413168962,0.926604149588571,0.00619019554485412,1000,"hetero",NA,"substantive",1000,200,8,20,"sin_2pi","n=200, T=8","Heteroskedastic, serially independent"
"np","bam_fe","classic_cluster",0.99642,0.244032519091566,1,0.395853616950603,3.17941219513729,0.991,0.991,1,0.996,0.00297268274655265,0.0398582886138465,0.0622543375838698,1.56062957568263,0.00737029545740597,1000,"hetero",NA,"substantive",1000,200,8,20,"sin_2pi","n=200, T=8","Heteroskedastic, serially independent"
"np","bam_fe","penalty_cluster",0.943840000000001,0.153178755941965,0.930999999999999,0.232826053567416,2.97906285271967,0.932,0.949,0.947,0.941,0.00297268274655265,0.0398582886138465,0.039076931298284,0.980756722564883,0.00737029545740597,1000,"hetero",NA,"substantive",1000,200,8,20,"sin_2pi","n=200, T=8","Heteroskedastic, serially independent"
"np","bam_fe","penalty_cluster_delta",0.969300000000001,0.173847368344784,0.983,0.272369331741587,3.0708410703833,0.96,0.971,0.971,0.972,0.00297268274655265,0.0398582886138465,0.0443496333902229,1.11417292433261,0.00737029545740597,1000,"hetero",NA,"substantive",1000,200,8,20,"sin_2pi","n=200, T=8","Heteroskedastic, serially independent"
"np","bam_fe","mgcv_sandwich_freq",0.94608,0.153571202950116,0.942,0.233702165561498,2.98258266091367,0.935,0.948,0.949,0.944,0.00297268274655265,0.0398582886138465,0.0391770471706281,0.983284375138625,0.00737029545740597,1000,"hetero",NA,"substantive",1000,200,8,20,"sin_2pi","n=200, T=8","Heteroskedastic, serially independent"
"np","bam_fe","mgcv_sandwich_default",0.97086,0.174136383690788,0.986,0.272703033436374,3.06941754312462,0.96,0.97,0.97,0.973,0.00297268274655265,0.0398582886138465,0.0444233631496174,1.11604469415856,0.00737029545740597,1000,"hetero",NA,"substantive",1000,200,8,20,"sin_2pi","n=200, T=8","Heteroskedastic, serially independent"
"np","bam_re","classic_cluster",0.99516,0.244108240861723,1,0.395970566011073,3.17936060995195,0.987,0.991,1,0.995,0.010989044217909,0.0395391706607093,0.0622736547169278,1.57294210294593,0.0213417520097689,1000,"hetero",NA,"substantive",1000,200,8,20,"sin_2pi","n=200, T=8","Heteroskedastic, serially independent"
"np","bam_re","penalty_cluster",0.932939999999999,0.151462921820243,0.902000000000008,0.230431077099673,2.98180653381303,0.917,0.929,0.95,0.932,0.010989044217909,0.0395391706607093,0.0386392104689073,0.977719334090657,0.0213417520097689,1000,"hetero",NA,"substantive",1000,200,8,20,"sin_2pi","n=200, T=8","Heteroskedastic, serially independent"
"np","bam_re","penalty_cluster_delta",0.962939999999998,0.173065568700842,0.977,0.271242137941909,3.07193329967442,0.946,0.963,0.97,0.962,0.010989044217909,0.0395391706607093,0.0441501910407439,1.11785137945871,0.0213417520097689,1000,"hetero",NA,"substantive",1000,200,8,20,"sin_2pi","n=200, T=8","Heteroskedastic, serially independent"
"np","bam_re","mgcv_sandwich_freq",0.934999999999999,0.151830568745633,0.914000000000004,0.231222659398649,2.9847527058236,0.918,0.925,0.951,0.936,0.010989044217909,0.0395391706607093,0.0387329996732728,0.980098654328409,0.0213417520097689,1000,"hetero",NA,"substantive",1000,200,8,20,"sin_2pi","n=200, T=8","Heteroskedastic, serially independent"
"np","bam_re","mgcv_sandwich_default",0.964220000000001,0.173328710830217,0.979000000000001,0.271543529858085,3.07060772107756,0.95,0.962,0.972,0.962,0.010989044217909,0.0395391706607093,0.0442173203684894,1.11956499652576,0.0213417520097689,1000,"hetero",NA,"substantive",1000,200,8,20,"sin_2pi","n=200, T=8","Heteroskedastic, serially independent"
"pl","bam_fd","classic_cluster",0.9941,0.289101708662295,0.998,0.468994540144238,3.17957614281883,0.981,0.993,0.993,0.999,0.00350463299342529,0.0483660314787572,0.0737517910897068,1.52480733362749,0.00830021923233393,1000,"hetero",NA,"substantive",1000,200,8,20,"sin_2pi","n=200, T=8","Heteroskedastic, serially independent"
"pl","bam_fd","penalty_cluster",0.94188,0.184626798862839,0.903,0.281410157672668,2.98720354694127,0.928,0.944,0.954,0.933,0.00350463299342529,0.0483660314787572,0.0470995386443709,0.976174516926838,0.00830021923233393,1000,"hetero",NA,"substantive",1000,200,8,20,"sin_2pi","n=200, T=8","Heteroskedastic, serially independent"
"pl","bam_fd","penalty_cluster_delta",0.961360000000001,0.202597579240759,0.966999999999998,0.316349277492615,3.06030614671673,0.947,0.959,0.972,0.948,0.00350463299342529,0.0483660314787572,0.051684005634497,1.07298866461111,0.00830021923233393,1000,"hetero",NA,"substantive",1000,200,8,20,"sin_2pi","n=200, T=8","Heteroskedastic, serially independent"
"pl","bam_fd","mgcv_sandwich_freq",0.895260000000001,0.155563164013789,0.782000000000006,0.237242147336262,2.98874725661067,0.877,0.888,0.909,0.884,0.00350463299342529,0.0483660314787572,0.039685209840806,0.82277515514276,0.00830021923233393,1000,"hetero",NA,"substantive",1000,200,8,20,"sin_2pi","n=200, T=8","Heteroskedastic, serially independent"
"pl","bam_fd","mgcv_sandwich_default",0.932719999999999,0.176422898672851,0.910000000000002,0.276995147435477,3.07712271053689,0.913,0.943,0.949,0.917,0.00350463299342529,0.0483660314787572,0.0450066685062718,0.93512158734805,0.00830021923233393,1000,"hetero",NA,"substantive",1000,200,8,20,"sin_2pi","n=200, T=8","Heteroskedastic, serially independent"
"pl","bam_fe","classic_cluster",0.99644,0.242446979768285,1,0.393529591043303,3.18132438933666,0.986,0.997,0.997,0.999,0.00314990162663207,0.0394630251660588,0.0618498558342591,1.5672231829609,0.00739110927182252,1000,"hetero",NA,"substantive",1000,200,8,20,"sin_2pi","n=200, T=8","Heteroskedastic, serially independent"
"pl","bam_fe","penalty_cluster",0.94314,0.152475202632614,0.934999999999998,0.231660217991062,2.97777147973847,0.924,0.926,0.954,0.938,0.00314990162663207,0.0394630251660588,0.0388974501152366,0.988350993888369,0.00739110927182252,1000,"hetero",NA,"substantive",1000,200,8,20,"sin_2pi","n=200, T=8","Heteroskedastic, serially independent"
"pl","bam_fe","penalty_cluster_delta",0.969120000000001,0.173312959638398,0.984,0.271535282454012,3.07074607984795,0.949,0.954,0.983,0.961,0.00314990162663207,0.0394630251660588,0.0442133021334751,1.12645177828527,0.00739110927182252,1000,"hetero",NA,"substantive",1000,200,8,20,"sin_2pi","n=200, T=8","Heteroskedastic, serially independent"
"pl","bam_fe","mgcv_sandwich_freq",0.945320000000001,0.152983235859434,0.948999999999998,0.23250578680836,2.9787113845474,0.926,0.93,0.956,0.936,0.00314990162663207,0.0394630251660588,0.0390270528096809,0.991874268640068,0.00739110927182252,1000,"hetero",NA,"substantive",1000,200,8,20,"sin_2pi","n=200, T=8","Heteroskedastic, serially independent"
"pl","bam_fe","mgcv_sandwich_default",0.970079999999999,0.173696263330208,0.984999999999999,0.272078025852213,3.07012695942837,0.952,0.956,0.983,0.96,0.00314990162663207,0.0394630251660588,0.0443110854843002,1.12914504699143,0.00739110927182252,1000,"hetero",NA,"substantive",1000,200,8,20,"sin_2pi","n=200, T=8","Heteroskedastic, serially independent"
"pl","bam_re","classic_cluster",0.99492,0.242520615746916,0.999,0.393634637882682,3.18120618408645,0.983,0.994,0.997,0.998,0.0109441809257666,0.0392296254662763,0.0618686408678649,1.5759705909117,0.0208011083683083,1000,"hetero",NA,"substantive",1000,200,8,20,"sin_2pi","n=200, T=8","Heteroskedastic, serially independent"
"pl","bam_re","penalty_cluster",0.932319999999998,0.150876439401629,0.904000000000002,0.229419160312121,2.98019976895242,0.909,0.913,0.957,0.926,0.0109441809257666,0.0392296254662763,0.0384895948577942,0.983654565400332,0.0208011083683083,1000,"hetero",NA,"substantive",1000,200,8,20,"sin_2pi","n=200, T=8","Heteroskedastic, serially independent"
"pl","bam_re","penalty_cluster_delta",0.962779999999999,0.172602276218217,0.977999999999999,0.270497248729141,3.07160550735798,0.943,0.943,0.983,0.957,0.0109441809257666,0.0392296254662763,0.0440320020111802,1.12801975777242,0.0208011083683083,1000,"hetero",NA,"substantive",1000,200,8,20,"sin_2pi","n=200, T=8","Heteroskedastic, serially independent"
"pl","bam_re","mgcv_sandwich_freq",0.934519999999997,0.151353577733268,0.922000000000002,0.230238947365082,2.98142749385382,0.909,0.914,0.956,0.93,0.0109441809257666,0.0392296254662763,0.0386113160566024,0.986977891104782,0.0208011083683083,1000,"hetero",NA,"substantive",1000,200,8,20,"sin_2pi","n=200, T=8","Heteroskedastic, serially independent"
"pl","bam_re","mgcv_sandwich_default",0.964220000000002,0.172954088308312,0.978999999999998,0.271009547753297,3.07118536345528,0.945,0.946,0.983,0.959,0.0109441809257666,0.0392296254662763,0.0441217516425178,1.13050610740248,0.0208011083683083,1000,"hetero",NA,"substantive",1000,200,8,20,"sin_2pi","n=200, T=8","Heteroskedastic, serially independent"
"np","bam_fd","classic_cluster",0.99398,0.179783505425415,1,0.292000470261681,3.18342116155713,0.985,0.995,0.995,0.993,0.00152558344019143,0.0315537434525701,0.0458639819005667,1.45032433700358,0.00412580615176861,1000,"hetero_ar1",0.5,"substantive",1000,500,4,20,"sin_2pi","n=500, T=4","Heteroskedastic AR(1), rho=0.5"
"np","bam_fd","penalty_cluster",0.947399999999999,0.121910437380202,0.931000000000006,0.188363949065028,3.02848131523775,0.935,0.956,0.944,0.945,0.00152558344019143,0.0315537434525701,0.0311001728454746,0.98517093917965,0.00412580615176861,1000,"hetero_ar1",0.5,"substantive",1000,500,4,20,"sin_2pi","n=500, T=4","Heteroskedastic AR(1), rho=0.5"
"np","bam_fd","penalty_cluster_delta",0.96658,0.135307971645616,0.98,0.213750966783802,3.09637982464103,0.957,0.973,0.965,0.965,0.00152558344019143,0.0315537434525701,0.0345179739813864,1.09380684179502,0.00412580615176861,1000,"hetero_ar1",0.5,"substantive",1000,500,4,20,"sin_2pi","n=500, T=4","Heteroskedastic AR(1), rho=0.5"
"np","bam_fd","mgcv_sandwich_freq",0.92948,0.113234403662509,0.888999999999991,0.174987897205526,3.02893429925676,0.911,0.937,0.926,0.928,0.00152558344019143,0.0315537434525701,0.0288868582677252,0.915190631511879,0.00412580615176861,1000,"hetero_ar1",0.5,"substantive",1000,500,4,20,"sin_2pi","n=500, T=4","Heteroskedastic AR(1), rho=0.5"
"np","bam_fd","mgcv_sandwich_default",0.957539999999999,0.127519430822761,0.96,0.201923685160019,3.103654854269,0.947,0.963,0.952,0.952,0.00152558344019143,0.0315537434525701,0.0325310648125727,1.03101722206991,0.00412580615176861,1000,"hetero_ar1",0.5,"substantive",1000,500,4,20,"sin_2pi","n=500, T=4","Heteroskedastic AR(1), rho=0.5"
"np","bam_fe","classic_cluster",0.99546,0.188824425035661,1,0.306817973631272,3.18486390346527,0.991,0.994,0.995,0.995,0.0020582055814074,0.0322027489652519,0.0481703813246275,1.49237598353541,0.00508887857290968,1000,"hetero_ar1",0.5,"substantive",1000,500,4,20,"sin_2pi","n=500, T=4","Heteroskedastic AR(1), rho=0.5"
"np","bam_fe","penalty_cluster",0.944799999999999,0.124571969320056,0.939000000000005,0.191491385193373,3.01301193563919,0.93,0.952,0.936,0.934,0.0020582055814074,0.0322027489652519,0.0317791475513489,0.98617149523015,0.00508887857290968,1000,"hetero_ar1",0.5,"substantive",1000,500,4,20,"sin_2pi","n=500, T=4","Heteroskedastic AR(1), rho=0.5"
"np","bam_fe","penalty_cluster_delta",0.970000000000001,0.140788781289813,0.986,0.222157481967779,3.09287350839545,0.959,0.983,0.964,0.963,0.0020582055814074,0.0322027489652519,0.0359161653990424,1.11516035003947,0.00508887857290968,1000,"hetero_ar1",0.5,"substantive",1000,500,4,20,"sin_2pi","n=500, T=4","Heteroskedastic AR(1), rho=0.5"
"np","bam_fe","mgcv_sandwich_freq",0.945180000000001,0.124806541903689,0.946,0.191915271209956,3.01394035210386,0.928,0.959,0.938,0.932,0.0020582055814074,0.0322027489652519,0.0318389885957464,0.988187291558746,0.00508887857290968,1000,"hetero_ar1",0.5,"substantive",1000,500,4,20,"sin_2pi","n=500, T=4","Heteroskedastic AR(1), rho=0.5"
"np","bam_fe","mgcv_sandwich_default",0.97088,0.140972648527327,0.988,0.222438737250162,3.09269274153966,0.959,0.983,0.968,0.963,0.0020582055814074,0.0322027489652519,0.0359630711684758,1.11676376497831,0.00508887857290968,1000,"hetero_ar1",0.5,"substantive",1000,500,4,20,"sin_2pi","n=500, T=4","Heteroskedastic AR(1), rho=0.5"
"np","bam_re","classic_cluster",0.9925,0.18891051136439,0.999,0.306946556115882,3.18474503129912,0.979,0.993,0.996,0.99,0.0133766168639787,0.0319544443035889,0.0481923425263148,1.50435130401119,0.0251635741802375,1000,"hetero_ar1",0.5,"substantive",1000,500,4,20,"sin_2pi","n=500, T=4","Heteroskedastic AR(1), rho=0.5"
"np","bam_re","penalty_cluster",0.92174,0.122344500491326,0.887,0.188259791715451,3.01607919645103,0.886,0.932,0.936,0.915,0.0133766168639787,0.0319544443035889,0.0312109052656997,0.976497949151508,0.0251635741802375,1000,"hetero_ar1",0.5,"substantive",1000,500,4,20,"sin_2pi","n=500, T=4","Heteroskedastic AR(1), rho=0.5"
"np","bam_re","penalty_cluster_delta",0.95596,0.13973684562914,0.970000000000001,0.220611379790741,3.09446862155918,0.926,0.962,0.966,0.952,0.0133766168639787,0.0319544443035889,0.0356478095340952,1.11550538776236,0.0251635741802375,1000,"hetero_ar1",0.5,"substantive",1000,500,4,20,"sin_2pi","n=500, T=4","Heteroskedastic AR(1), rho=0.5"
"np","bam_re","mgcv_sandwich_freq",0.923300000000001,0.122573013927586,0.892000000000003,0.188688241326239,3.01724075612913,0.891,0.932,0.937,0.919,0.0133766168639787,0.0319544443035889,0.0312692005808338,0.978472944559861,0.0251635741802375,1000,"hetero_ar1",0.5,"substantive",1000,500,4,20,"sin_2pi","n=500, T=4","Heteroskedastic AR(1), rho=0.5"
"np","bam_re","mgcv_sandwich_default",0.957240000000001,0.139911929133742,0.968000000000004,0.220881379451505,3.09432135816841,0.93,0.97,0.966,0.952,0.0133766168639787,0.0319544443035889,0.0356924745141618,1.11704354137647,0.0251635741802375,1000,"hetero_ar1",0.5,"substantive",1000,500,4,20,"sin_2pi","n=500, T=4","Heteroskedastic AR(1), rho=0.5"
"pl","bam_fd","classic_cluster",0.99438,0.181535600546045,1,0.294769823545223,3.18244052221041,0.984,0.984,0.998,0.993,0.00159897899591784,0.031876234791395,0.0463109531547455,1.45252835841308,0.00422968161791237,1000,"hetero_ar1",0.5,"substantive",1000,500,4,20,"sin_2pi","n=500, T=4","Heteroskedastic AR(1), rho=0.5"
"pl","bam_fd","penalty_cluster",0.945840000000001,0.123090277850006,0.932000000000005,0.190044992447451,3.02601710598262,0.932,0.939,0.949,0.932,0.00159897899591784,0.031876234791395,0.0314011580878338,0.988003291895094,0.00422968161791237,1000,"hetero_ar1",0.5,"substantive",1000,500,4,20,"sin_2pi","n=500, T=4","Heteroskedastic AR(1), rho=0.5"
"pl","bam_fd","penalty_cluster_delta",0.96778,0.136714635916543,0.976999999999998,0.215935660066974,3.09564370938749,0.953,0.962,0.973,0.956,0.00159897899591784,0.031876234791395,0.0348768235015873,1.0996244911679,0.00422968161791237,1000,"hetero_ar1",0.5,"substantive",1000,500,4,20,"sin_2pi","n=500, T=4","Heteroskedastic AR(1), rho=0.5"
"pl","bam_fd","mgcv_sandwich_freq",0.92694,0.114072950190559,0.888000000000008,0.176194708341081,3.02728107595208,0.908,0.923,0.935,0.914,0.00159897899591784,0.031876234791395,0.0291007771291594,0.916471331295536,0.00422968161791237,1000,"hetero_ar1",0.5,"substantive",1000,500,4,20,"sin_2pi","n=500, T=4","Heteroskedastic AR(1), rho=0.5"
"pl","bam_fd","mgcv_sandwich_default",0.956599999999999,0.128614033344223,0.968,0.203627444578581,3.10305757547713,0.937,0.949,0.96,0.937,0.00159897899591784,0.031876234791395,0.0328103052807894,1.03551787829653,0.00422968161791237,1000,"hetero_ar1",0.5,"substantive",1000,500,4,20,"sin_2pi","n=500, T=4","Heteroskedastic AR(1), rho=0.5"
"pl","bam_fe","classic_cluster",0.99556,0.189415728613495,0.999,0.307713945343217,3.18404049810273,0.987,0.994,0.998,0.993,0.00169383849438287,0.0322457814637325,0.0483212268458968,1.49642458739815,0.00497577029537732,1000,"hetero_ar1",0.5,"substantive",1000,500,4,20,"sin_2pi","n=500, T=4","Heteroskedastic AR(1), rho=0.5"
"pl","bam_fe","penalty_cluster",0.94592,0.125039243936888,0.935999999999996,0.191989009928423,3.00948282037195,0.931,0.948,0.956,0.943,0.00169383849438287,0.0322457814637325,0.0318983524501424,0.991014511757635,0.00497577029537732,1000,"hetero_ar1",0.5,"substantive",1000,500,4,20,"sin_2pi","n=500, T=4","Heteroskedastic AR(1), rho=0.5"
"pl","bam_fe","penalty_cluster_delta",0.97176,0.141496491699026,0.988,0.223194645271309,3.0916718741094,0.96,0.969,0.981,0.968,0.00169383849438287,0.0322457814637325,0.0360967070862353,1.12414770937092,0.00497577029537732,1000,"hetero_ar1",0.5,"substantive",1000,500,4,20,"sin_2pi","n=500, T=4","Heteroskedastic AR(1), rho=0.5"
"pl","bam_fe","mgcv_sandwich_freq",0.94764,0.125335817016809,0.939000000000003,0.192498771573574,3.01030535346838,0.93,0.947,0.956,0.942,0.00169383849438287,0.0322457814637325,0.0319740102383109,0.994049484343993,0.00497577029537732,1000,"hetero_ar1",0.5,"substantive",1000,500,4,20,"sin_2pi","n=500, T=4","Heteroskedastic AR(1), rho=0.5"
"pl","bam_fe","mgcv_sandwich_default",0.97214,0.141723883078241,0.988,0.22361834514011,3.09252527541234,0.958,0.972,0.981,0.967,0.00169383849438287,0.0322457814637325,0.0361547161570673,1.12656707954245,0.00497577029537732,1000,"hetero_ar1",0.5,"substantive",1000,500,4,20,"sin_2pi","n=500, T=4","Heteroskedastic AR(1), rho=0.5"
"pl","bam_re","classic_cluster",0.99296,0.189511393985916,0.997,0.307860817389868,3.18394619957264,0.976,0.99,0.998,0.991,0.0125422456325865,0.0319948746561582,0.0483456317260822,1.50845710884982,0.0244645124933641,1000,"hetero_ar1",0.5,"substantive",1000,500,4,20,"sin_2pi","n=500, T=4","Heteroskedastic AR(1), rho=0.5"
"pl","bam_re","penalty_cluster",0.922040000000001,0.122870033813895,0.898999999999999,0.188913592825989,3.0135415679669,0.874,0.905,0.955,0.906,0.0125422456325865,0.0319948746561582,0.0313449723523183,0.981741217811322,0.0244645124933641,1000,"hetero_ar1",0.5,"substantive",1000,500,4,20,"sin_2pi","n=500, T=4","Heteroskedastic AR(1), rho=0.5"
"pl","bam_re","penalty_cluster_delta",0.95774,0.140485713363872,0.972000000000001,0.221708871728007,3.09318062558768,0.936,0.96,0.981,0.952,0.0125422456325865,0.0319948746561582,0.0358388507319537,1.12496631808955,0.0244645124933641,1000,"hetero_ar1",0.5,"substantive",1000,500,4,20,"sin_2pi","n=500, T=4","Heteroskedastic AR(1), rho=0.5"
"pl","bam_re","mgcv_sandwich_freq",0.924479999999999,0.12316453512511,0.905000000000001,0.189379366646405,3.01373422433001,0.88,0.91,0.957,0.911,0.0125422456325865,0.0319948746561582,0.0314201016183502,0.984736908701377,0.0244645124933641,1000,"hetero_ar1",0.5,"substantive",1000,500,4,20,"sin_2pi","n=500, T=4","Heteroskedastic AR(1), rho=0.5"
"pl","bam_re","mgcv_sandwich_default",0.95896,0.14070728992658,0.969000000000003,0.222107942085609,3.0938239762499,0.939,0.966,0.983,0.954,0.0125422456325865,0.0319948746561582,0.03589537640397,1.12731065709192,0.0244645124933641,1000,"hetero_ar1",0.5,"substantive",1000,500,4,20,"sin_2pi","n=500, T=4","Heteroskedastic AR(1), rho=0.5"
"np","bam_fd","classic_cluster",0.99606,0.271326048272492,1,0.440414892418151,3.18145839898062,0.991,0.997,0.993,0.996,0.00188078995233333,0.0453023875024645,0.0692171005214069,1.52625865211484,0.00591562419630043,1000,"hetero",NA,"substantive",1000,500,4,20,"sin_2pi","n=500, T=4","Heteroskedastic, serially independent"
"np","bam_fd","penalty_cluster",0.942339999999999,0.173050721184673,0.932000000000001,0.263971481908874,2.98960738977536,0.928,0.954,0.934,0.944,0.00188078995233333,0.0453023875024645,0.0441464033394681,0.975253275389624,0.00591562419630043,1000,"hetero",NA,"substantive",1000,500,4,20,"sin_2pi","n=500, T=4","Heteroskedastic, serially independent"
"np","bam_fd","penalty_cluster_delta",0.963420000000001,0.190765472073825,0.974000000000002,0.297847864183805,3.06008485758512,0.953,0.971,0.956,0.965,0.00188078995233333,0.0453023875024645,0.0486655554843248,1.07555545211426,0.00591562419630043,1000,"hetero",NA,"substantive",1000,500,4,20,"sin_2pi","n=500, T=4","Heteroskedastic, serially independent"
"np","bam_fd","mgcv_sandwich_freq",0.902560000000002,0.150479691220165,0.825000000000004,0.229640877024992,2.99086225953658,0.883,0.903,0.893,0.9,0.00188078995233333,0.0453023875024645,0.0383883817271976,0.848041443423988,0.00591562419630043,1000,"hetero",NA,"substantive",1000,500,4,20,"sin_2pi","n=500, T=4","Heteroskedastic, serially independent"
"np","bam_fd","mgcv_sandwich_default",0.938939999999999,0.170518576481647,0.942999999999998,0.267357088932722,3.07295603322935,0.921,0.947,0.933,0.936,0.00188078995233333,0.0453023875024645,0.0435004361882862,0.96150882038184,0.00591562419630043,1000,"hetero",NA,"substantive",1000,500,4,20,"sin_2pi","n=500, T=4","Heteroskedastic, serially independent"
"np","bam_fe","classic_cluster",0.99688,0.235472334165196,1,0.382228154466712,3.18150118527552,0.993,0.999,0.993,0.998,0.00221614922819619,0.0386747120193044,0.0600705768122711,1.55085172974349,0.00641152349023844,1000,"hetero",NA,"substantive",1000,500,4,20,"sin_2pi","n=500, T=4","Heteroskedastic, serially independent"
"np","bam_fe","penalty_cluster",0.943859999999999,0.148700190480275,0.929999999999996,0.226335078678782,2.98327273007902,0.929,0.944,0.941,0.941,0.00221614922819619,0.0386747120193044,0.0379344191151477,0.981025324621951,0.00641152349023844,1000,"hetero",NA,"substantive",1000,500,4,20,"sin_2pi","n=500, T=4","Heteroskedastic, serially independent"
"np","bam_fe","penalty_cluster_delta",0.970400000000001,0.168683563427232,0.985,0.264121308561215,3.06886962225402,0.959,0.973,0.965,0.97,0.00221614922819619,0.0386747120193044,0.0430323120112887,1.1136740030758,0.00641152349023844,1000,"hetero",NA,"substantive",1000,500,4,20,"sin_2pi","n=500, T=4","Heteroskedastic, serially independent"
"np","bam_fe","mgcv_sandwich_freq",0.945039999999998,0.148995026334674,0.932000000000001,0.226868858009183,2.98434530891192,0.931,0.946,0.942,0.938,0.00221614922819619,0.0386747120193044,0.038009633725397,0.98304851838482,0.00641152349023844,1000,"hetero",NA,"substantive",1000,500,4,20,"sin_2pi","n=500, T=4","Heteroskedastic, serially independent"
"np","bam_fe","mgcv_sandwich_default",0.97108,0.168918431707913,0.986,0.264431148172141,3.06817816873228,0.96,0.974,0.965,0.97,0.00221614922819619,0.0386747120193044,0.0430922284899927,1.11529871703821,0.00641152349023844,1000,"hetero",NA,"substantive",1000,500,4,20,"sin_2pi","n=500, T=4","Heteroskedastic, serially independent"
"np","bam_re","classic_cluster",0.9924,0.235648519077225,1,0.382516412625698,3.18152077236415,0.97,0.989,0.992,0.995,0.0203272481364431,0.0380878307002783,0.0601155227687832,1.57511398996877,0.037705999525917,1000,"hetero",NA,"substantive",1000,500,4,20,"sin_2pi","n=500, T=4","Heteroskedastic, serially independent"
"np","bam_re","penalty_cluster",0.898980000000003,0.144315532914459,0.833999999999997,0.220165448832186,2.99009088875587,0.836,0.909,0.939,0.897,0.0203272481364431,0.0380878307002783,0.0368158634681049,0.967477356317991,0.037705999525917,1000,"hetero",NA,"substantive",1000,500,4,20,"sin_2pi","n=500, T=4","Heteroskedastic, serially independent"
"np","bam_re","penalty_cluster_delta",0.943440000000002,0.166570108961218,0.961999999999998,0.261013156681827,3.07122065568316,0.9,0.949,0.965,0.934,0.0203272481364431,0.0380878307002783,0.0424931555567098,1.11667401305216,0.037705999525917,1000,"hetero",NA,"substantive",1000,500,4,20,"sin_2pi","n=500, T=4","Heteroskedastic, serially independent"
"np","bam_re","mgcv_sandwich_freq",0.9007,0.144642075133538,0.840999999999997,0.220780738876097,2.99164579639094,0.844,0.909,0.941,0.897,0.0203272481364431,0.0380878307002783,0.0368991665853191,0.969738084694216,0.037705999525917,1000,"hetero",NA,"substantive",1000,500,4,20,"sin_2pi","n=500, T=4","Heteroskedastic, serially independent"
"np","bam_re","mgcv_sandwich_default",0.944679999999997,0.166825494924947,0.967,0.261389923976362,3.07092512640834,0.904,0.95,0.967,0.929,0.0203272481364431,0.0380878307002783,0.0425583062344119,1.11845657565057,0.037705999525917,1000,"hetero",NA,"substantive",1000,500,4,20,"sin_2pi","n=500, T=4","Heteroskedastic, serially independent"
"pl","bam_fd","classic_cluster",0.99562,0.270933074497366,0.999,0.439639840471104,3.18044745760733,0.989,0.998,0.991,0.994,0.00107559213751763,0.0454698586519745,0.069116850267263,1.5182194080014,0.00232675149525863,1000,"hetero",NA,"substantive",1000,500,4,20,"sin_2pi","n=500, T=4","Heteroskedastic, serially independent"
"pl","bam_fd","penalty_cluster",0.943439999999998,0.173407326797069,0.931000000000004,0.264392497796753,2.98818998901672,0.924,0.924,0.935,0.946,0.00107559213751763,0.0454698586519745,0.0442373758305978,0.974825826267401,0.00232675149525863,1000,"hetero",NA,"substantive",1000,500,4,20,"sin_2pi","n=500, T=4","Heteroskedastic, serially independent"
"pl","bam_fd","penalty_cluster_delta",0.964260000000002,0.191252037583053,0.978,0.298729389099908,3.06126841938336,0.948,0.957,0.958,0.964,0.00107559213751763,0.0454698586519745,0.0487896816195665,1.07717040135857,0.00232675149525863,1000,"hetero",NA,"substantive",1000,500,4,20,"sin_2pi","n=500, T=4","Heteroskedastic, serially independent"
"pl","bam_fd","mgcv_sandwich_freq",0.90446,0.150721316139607,0.832000000000004,0.229888064672373,2.98924041348602,0.881,0.892,0.901,0.901,0.00107559213751763,0.0454698586519745,0.0384500218699114,0.847701119172816,0.00232675149525863,1000,"hetero",NA,"substantive",1000,500,4,20,"sin_2pi","n=500, T=4","Heteroskedastic, serially independent"
"pl","bam_fd","mgcv_sandwich_default",0.940260000000004,0.170898490369277,0.933000000000001,0.268028684012306,3.07373954520236,0.909,0.926,0.931,0.942,0.00107559213751763,0.0454698586519745,0.0435973547772569,0.963368507474125,0.00232675149525863,1000,"hetero",NA,"substantive",1000,500,4,20,"sin_2pi","n=500, T=4","Heteroskedastic, serially independent"
"pl","bam_fe","classic_cluster",0.99684,0.234955198594822,0.999,0.381515232370937,3.18253527270273,0.992,0.996,0.994,0.994,0.00108125534391929,0.0387885684606233,0.0599386520487414,1.54218184837843,0.00250419860442708,1000,"hetero",NA,"substantive",1000,500,4,20,"sin_2pi","n=500, T=4","Heteroskedastic, serially independent"
"pl","bam_fe","penalty_cluster",0.944539999999999,0.148776895811182,0.940000000000002,0.226248275468074,2.98056126223115,0.931,0.942,0.931,0.941,0.00108125534391929,0.0387885684606233,0.0379539871611711,0.979920371093837,0.00250419860442708,1000,"hetero",NA,"substantive",1000,500,4,20,"sin_2pi","n=500, T=4","Heteroskedastic, serially independent"
"pl","bam_fe","penalty_cluster_delta",0.970760000000001,0.168887572720536,0.987000000000001,0.264505008989875,3.06959059298583,0.956,0.973,0.957,0.96,0.00108125534391929,0.0387885684606233,0.0430843561546794,1.11540581886926,0.00250419860442708,1000,"hetero",NA,"substantive",1000,500,4,20,"sin_2pi","n=500, T=4","Heteroskedastic, serially independent"
"pl","bam_fe","mgcv_sandwich_freq",0.946080000000002,0.149049016202433,0.940000000000002,0.226709028249531,2.98113575986787,0.934,0.944,0.938,0.941,0.00108125534391929,0.0387885684606233,0.0380234069039311,0.982409408043108,0.00250419860442708,1000,"hetero",NA,"substantive",1000,500,4,20,"sin_2pi","n=500, T=4","Heteroskedastic, serially independent"
"pl","bam_fe","mgcv_sandwich_default",0.97102,0.169089522501827,0.985999999999999,0.264741559281706,3.06863848548988,0.952,0.974,0.957,0.96,0.00108125534391929,0.0387885684606233,0.0431358749026981,1.11736188098527,0.00250419860442708,1000,"hetero",NA,"substantive",1000,500,4,20,"sin_2pi","n=500, T=4","Heteroskedastic, serially independent"
"pl","bam_re","classic_cluster",0.99302,0.235136197780097,0.999,0.381779674955363,3.18229702574924,0.98,0.992,0.995,0.987,0.0183304296094802,0.0382903567327023,0.0599848261587512,1.56249228383387,0.032399703068912,1000,"hetero",NA,"substantive",1000,500,4,20,"sin_2pi","n=500, T=4","Heteroskedastic, serially independent"
"pl","bam_re","penalty_cluster",0.907460000000004,0.144640191660214,0.871000000000009,0.220406059840536,2.9866104176402,0.857,0.892,0.925,0.902,0.0183304296094802,0.0382903567327023,0.0368986860986012,0.965339854383227,0.032399703068912,1000,"hetero",NA,"substantive",1000,500,4,20,"sin_2pi","n=500, T=4","Heteroskedastic, serially independent"
"pl","bam_re","penalty_cluster_delta",0.949079999999998,0.16693318129872,0.964000000000001,0.261635049111587,3.07180759527172,0.919,0.944,0.96,0.932,0.0183304296094802,0.0382903567327023,0.042585777752925,1.11673429278967,0.032399703068912,1000,"hetero",NA,"substantive",1000,500,4,20,"sin_2pi","n=500, T=4","Heteroskedastic, serially independent"
"pl","bam_re","mgcv_sandwich_freq",0.909659999999998,0.144964172841258,0.875,0.221002202595443,2.98797680333838,0.868,0.896,0.932,0.904,0.0183304296094802,0.0382903567327023,0.0369813358777808,0.968166335608445,0.032399703068912,1000,"hetero",NA,"substantive",1000,500,4,20,"sin_2pi","n=500, T=4","Heteroskedastic, serially independent"
"pl","bam_re","mgcv_sandwich_default",0.950419999999999,0.1671728139574,0.966999999999998,0.261953812442782,3.07112408665365,0.917,0.949,0.961,0.931,0.0183304296094802,0.0382903567327023,0.0426469096565136,1.11892073386647,0.032399703068912,1000,"hetero",NA,"substantive",1000,500,4,20,"sin_2pi","n=500, T=4","Heteroskedastic, serially independent"
