"model","method","se_type","avg_pointwise_coverage","avg_pointwise_width","uniform_coverage","avg_uniform_width","avg_sup_crit","mean_edf","mean_edf_ceiling","mean_edf_ratio","fraction_binding_90","fraction_binding_95","min_pointwise_coverage","coverage_at_0.25","coverage_at_0.5","coverage_at_0.75","error_design","rho","df_correction","K_smooth","source_file","n","T","configuration"
"np","bam_fd","classic",0.9647,0.193558314665832,0.957000000000004,0.293747011520279,2.97462805339571,7.81298905522962,9,0.868109895025514,0.009,0,0.945,0.973,0.961,0.967,"hetero_ar1",0.5,"substantive",10,"panel_fe_g_inference_summary_M1000_n200_T4_sin_2pi_np_pl_J50_K10_hetero_ar1_rho0p5_dfsubstantive.csv",200,4,"n=200, T=4"
"np","bam_fd","penalty",0.94162,0.171417857041559,0.917999999999995,0.256106312897401,2.92850678795128,7.81298905522962,9,0.868109895025514,0.009,0,0.929,0.946,0.933,0.945,"hetero_ar1",0.5,"substantive",10,"panel_fe_g_inference_summary_M1000_n200_T4_sin_2pi_np_pl_J50_K10_hetero_ar1_rho0p5_dfsubstantive.csv",200,4,"n=200, T=4"
"np","bam_fe","classic",0.9676,0.203619912283315,0.966999999999998,0.309009718042029,2.97457761559289,7.61079309619319,9,0.845643677354799,0.0019999999999994,0,0.949,0.978,0.971,0.974,"hetero_ar1",0.5,"substantive",10,"panel_fe_g_inference_summary_M1000_n200_T4_sin_2pi_np_pl_J50_K10_hetero_ar1_rho0p5_dfsubstantive.csv",200,4,"n=200, T=4"
"np","bam_fe","penalty",0.937620000000001,0.176946237122107,0.916000000000003,0.263574635672924,2.91978410677872,7.61079309619319,9,0.845643677354799,0.0019999999999994,0,0.921,0.941,0.941,0.938,"hetero_ar1",0.5,"substantive",10,"panel_fe_g_inference_summary_M1000_n200_T4_sin_2pi_np_pl_J50_K10_hetero_ar1_rho0p5_dfsubstantive.csv",200,4,"n=200, T=4"
"np","bam_re","classic",0.96126,0.203813737987379,0.957999999999998,0.309296970286221,2.97451194785126,7.61504295877259,9,0.846115884308066,0.00299999999999989,0,0.939,0.962,0.973,0.97,"hetero_ar1",0.5,"substantive",10,"panel_fe_g_inference_summary_M1000_n200_T4_sin_2pi_np_pl_J50_K10_hetero_ar1_rho0p5_dfsubstantive.csv",200,4,"n=200, T=4"
"np","bam_re","penalty",0.9214,0.17325696592308,0.880000000000003,0.25850815021705,2.9245960298436,7.61504295877259,9,0.846115884308066,0.00299999999999989,0,0.892,0.914,0.936,0.928,"hetero_ar1",0.5,"substantive",10,"panel_fe_g_inference_summary_M1000_n200_T4_sin_2pi_np_pl_J50_K10_hetero_ar1_rho0p5_dfsubstantive.csv",200,4,"n=200, T=4"
"pl","bam_fd","classic",0.96914,0.196422243313102,0.970999999999999,0.297848277635842,2.97220964509916,7.78504571555942,9,0.865005079506602,0.002,0,0.952,0.972,0.975,0.981,"hetero_ar1",0.5,"substantive",10,"panel_fe_g_inference_summary_M1000_n200_T4_sin_2pi_np_pl_J50_K10_hetero_ar1_rho0p5_dfsubstantive.csv",200,4,"n=200, T=4"
"pl","bam_fd","penalty",0.94584,0.173541027243675,0.928999999999999,0.259087132212841,2.92640864610688,7.78504571555942,9,0.865005079506602,0.002,0,0.929,0.947,0.95,0.949,"hetero_ar1",0.5,"substantive",10,"panel_fe_g_inference_summary_M1000_n200_T4_sin_2pi_np_pl_J50_K10_hetero_ar1_rho0p5_dfsubstantive.csv",200,4,"n=200, T=4"
"pl","bam_fe","classic",0.972159999999999,0.205129143801261,0.981,0.311032848124306,2.97208343353535,7.59359815101265,9,0.843733127890295,0,0,0.947,0.973,0.975,0.975,"hetero_ar1",0.5,"substantive",10,"panel_fe_g_inference_summary_M1000_n200_T4_sin_2pi_np_pl_J50_K10_hetero_ar1_rho0p5_dfsubstantive.csv",200,4,"n=200, T=4"
"pl","bam_fe","penalty",0.94568,0.178125157632171,0.926000000000002,0.265022848346793,2.91643598852233,7.59359815101265,9,0.843733127890295,0,0,0.934,0.943,0.943,0.953,"hetero_ar1",0.5,"substantive",10,"panel_fe_g_inference_summary_M1000_n200_T4_sin_2pi_np_pl_J50_K10_hetero_ar1_rho0p5_dfsubstantive.csv",200,4,"n=200, T=4"
"pl","bam_re","classic",0.965139999999999,0.205325364750113,0.969000000000003,0.311318779365317,2.9719584922301,7.59836472220657,9,0.844262746911841,0,0,0.927,0.967,0.975,0.978,"hetero_ar1",0.5,"substantive",10,"panel_fe_g_inference_summary_M1000_n200_T4_sin_2pi_np_pl_J50_K10_hetero_ar1_rho0p5_dfsubstantive.csv",200,4,"n=200, T=4"
"pl","bam_re","penalty",0.930339999999999,0.174513105079355,0.897999999999992,0.260060531746859,2.92101487781919,7.59836472220657,9,0.844262746911841,0,0,0.9,0.926,0.945,0.932,"hetero_ar1",0.5,"substantive",10,"panel_fe_g_inference_summary_M1000_n200_T4_sin_2pi_np_pl_J50_K10_hetero_ar1_rho0p5_dfsubstantive.csv",200,4,"n=200, T=4"
"np","bam_fd","classic",0.99582,0.28599748986198,1,0.463503957223929,3.17643483360106,9.59709816934236,19,0.505110429965387,0,0,0.989,0.997,0.997,0.995,"hetero_ar1",0.5,"substantive",20,"panel_fe_g_inference_summary_M1000_n200_T4_sin_2pi_np_pl_J50_K20_hetero_ar1_rho0p5_dfsubstantive.csv",200,4,"n=200, T=4"
"np","bam_fd","penalty",0.94072,0.176584043114088,0.914000000000004,0.267734782162347,2.97184316751241,9.59709816934236,19,0.505110429965387,0,0,0.929,0.947,0.941,0.943,"hetero_ar1",0.5,"substantive",20,"panel_fe_g_inference_summary_M1000_n200_T4_sin_2pi_np_pl_J50_K20_hetero_ar1_rho0p5_dfsubstantive.csv",200,4,"n=200, T=4"
"np","bam_fe","classic",0.9964,0.300399464319044,1,0.486987646898261,3.17734983906288,9.06515352621678,19,0.477113343485094,0,0,0.99,0.999,0.998,0.995,"hetero_ar1",0.5,"substantive",20,"panel_fe_g_inference_summary_M1000_n200_T4_sin_2pi_np_pl_J50_K20_hetero_ar1_rho0p5_dfsubstantive.csv",200,4,"n=200, T=4"
"np","bam_fe","penalty",0.9375,0.180630568413628,0.917999999999994,0.272090465223671,2.95256311987713,9.06515352621678,19,0.477113343485094,0,0,0.919,0.942,0.935,0.933,"hetero_ar1",0.5,"substantive",20,"panel_fe_g_inference_summary_M1000_n200_T4_sin_2pi_np_pl_J50_K20_hetero_ar1_rho0p5_dfsubstantive.csv",200,4,"n=200, T=4"
"np","bam_re","classic",0.99528,0.300601389166129,0.999,0.487310125617869,3.17732509465427,9.07321931597559,19,0.477537858735557,0,0,0.985,0.997,0.997,0.996,"hetero_ar1",0.5,"substantive",20,"panel_fe_g_inference_summary_M1000_n200_T4_sin_2pi_np_pl_J50_K20_hetero_ar1_rho0p5_dfsubstantive.csv",200,4,"n=200, T=4"
"np","bam_re","penalty",0.92266,0.176952429630777,0.880000000000003,0.267012608335376,2.95762420773673,9.07321931597559,19,0.477537858735557,0,0,0.898,0.917,0.929,0.922,"hetero_ar1",0.5,"substantive",20,"panel_fe_g_inference_summary_M1000_n200_T4_sin_2pi_np_pl_J50_K20_hetero_ar1_rho0p5_dfsubstantive.csv",200,4,"n=200, T=4"
"pl","bam_fd","classic",0.99644,0.289671049735535,0.999,0.469190665116763,3.17453189122268,9.52984393097743,19,0.501570733209338,0,0,0.989,0.999,0.997,1,"hetero_ar1",0.5,"substantive",20,"panel_fe_g_inference_summary_M1000_n200_T4_sin_2pi_np_pl_J50_K20_hetero_ar1_rho0p5_dfsubstantive.csv",200,4,"n=200, T=4"
"pl","bam_fd","penalty",0.944720000000001,0.178538771920025,0.921,0.270081466695125,2.96492662619537,9.52984393097743,19,0.501570733209338,0,0,0.925,0.939,0.954,0.952,"hetero_ar1",0.5,"substantive",20,"panel_fe_g_inference_summary_M1000_n200_T4_sin_2pi_np_pl_J50_K20_hetero_ar1_rho0p5_dfsubstantive.csv",200,4,"n=200, T=4"
"pl","bam_fe","classic",0.99764,0.301732470245057,1,0.488832063960124,3.17531559828322,9.03852189990426,19,0.475711678942329,0,0,0.994,0.997,0.998,0.998,"hetero_ar1",0.5,"substantive",20,"panel_fe_g_inference_summary_M1000_n200_T4_sin_2pi_np_pl_J50_K20_hetero_ar1_rho0p5_dfsubstantive.csv",200,4,"n=200, T=4"
"pl","bam_fe","penalty",0.943780000000001,0.181769302243365,0.920999999999999,0.273524185837607,2.94953984083505,9.03852189990426,19,0.475711678942329,0,0,0.932,0.939,0.938,0.954,"hetero_ar1",0.5,"substantive",20,"panel_fe_g_inference_summary_M1000_n200_T4_sin_2pi_np_pl_J50_K20_hetero_ar1_rho0p5_dfsubstantive.csv",200,4,"n=200, T=4"
"pl","bam_re","classic",0.99694,0.301929396086823,1,0.489150317936676,3.17529935094751,9.05045657903423,19,0.47633981994917,0,0,0.986,0.998,0.999,0.999,"hetero_ar1",0.5,"substantive",20,"panel_fe_g_inference_summary_M1000_n200_T4_sin_2pi_np_pl_J50_K20_hetero_ar1_rho0p5_dfsubstantive.csv",200,4,"n=200, T=4"
"pl","bam_re","penalty",0.929099999999999,0.17820865444864,0.907,0.268603975539296,2.95429918865136,9.05045657903423,19,0.47633981994917,0,0,0.902,0.922,0.933,0.927,"hetero_ar1",0.5,"substantive",20,"panel_fe_g_inference_summary_M1000_n200_T4_sin_2pi_np_pl_J50_K20_hetero_ar1_rho0p5_dfsubstantive.csv",200,4,"n=200, T=4"
"np","bam_fd","classic",0.99978,0.420089485525861,1,0.700044774196575,3.26607058030443,9.86145129508479,39,0.252857725514995,0,0,0.998,1,1,0.999,"hetero_ar1",0.5,"substantive",40,"panel_fe_g_inference_summary_M1000_n200_T4_sin_2pi_np_pl_J50_K40_hetero_ar1_rho0p5_dfsubstantive.csv",200,4,"n=200, T=4"
"np","bam_fd","penalty",0.9409,0.176661435808847,0.909999999999996,0.267987642510756,2.97331893508869,9.86145129508479,39,0.252857725514995,0,0,0.931,0.948,0.941,0.94,"hetero_ar1",0.5,"substantive",40,"panel_fe_g_inference_summary_M1000_n200_T4_sin_2pi_np_pl_J50_K40_hetero_ar1_rho0p5_dfsubstantive.csv",200,4,"n=200, T=4"
"np","bam_fe","classic",0.99978,0.437673960901591,1,0.729126106345854,3.2651261496083,9.25999093663732,39,0.237435665041982,0,0,0.998,1,1,1,"hetero_ar1",0.5,"substantive",40,"panel_fe_g_inference_summary_M1000_n200_T4_sin_2pi_np_pl_J50_K40_hetero_ar1_rho0p5_dfsubstantive.csv",200,4,"n=200, T=4"
"np","bam_fe","penalty",0.93748,0.180609842898749,0.916000000000003,0.27212971625922,2.95330108264171,9.25999093663732,39,0.237435665041982,0,0,0.917,0.943,0.934,0.933,"hetero_ar1",0.5,"substantive",40,"panel_fe_g_inference_summary_M1000_n200_T4_sin_2pi_np_pl_J50_K40_hetero_ar1_rho0p5_dfsubstantive.csv",200,4,"n=200, T=4"
"np","bam_re","classic",0.9998,0.437919442511892,1,0.729524257625788,3.26507021669385,9.26859178585419,39,0.237656199637287,0,0,0.998,1,1,1,"hetero_ar1",0.5,"substantive",40,"panel_fe_g_inference_summary_M1000_n200_T4_sin_2pi_np_pl_J50_K40_hetero_ar1_rho0p5_dfsubstantive.csv",200,4,"n=200, T=4"
"np","bam_re","penalty",0.922419999999999,0.176931757474866,0.878999999999998,0.267031794694326,2.95816363514194,9.26859178585419,39,0.237656199637287,0,0,0.899,0.917,0.928,0.922,"hetero_ar1",0.5,"substantive",40,"panel_fe_g_inference_summary_M1000_n200_T4_sin_2pi_np_pl_J50_K40_hetero_ar1_rho0p5_dfsubstantive.csv",200,4,"n=200, T=4"
"pl","bam_fd","classic",0.99978,0.424655341324593,0.999,0.707830485228315,3.26684853424635,9.79034086775816,39,0.251034381224568,0,0,0.997,1,1,1,"hetero_ar1",0.5,"substantive",40,"panel_fe_g_inference_summary_M1000_n200_T4_sin_2pi_np_pl_J50_K40_hetero_ar1_rho0p5_dfsubstantive.csv",200,4,"n=200, T=4"
"pl","bam_fd","penalty",0.94424,0.178644721771708,0.920999999999999,0.270379830304126,2.96644255648153,9.79034086775816,39,0.251034381224568,0,0,0.927,0.94,0.951,0.949,"hetero_ar1",0.5,"substantive",40,"panel_fe_g_inference_summary_M1000_n200_T4_sin_2pi_np_pl_J50_K40_hetero_ar1_rho0p5_dfsubstantive.csv",200,4,"n=200, T=4"
"pl","bam_fe","classic",0.99994,0.439100866559091,1,0.73143016651912,3.26479508004762,9.23378624604128,39,0.236763749898494,0,0,0.999,1,1,1,"hetero_ar1",0.5,"substantive",40,"panel_fe_g_inference_summary_M1000_n200_T4_sin_2pi_np_pl_J50_K40_hetero_ar1_rho0p5_dfsubstantive.csv",200,4,"n=200, T=4"
"pl","bam_fe","penalty",0.94368,0.181771744142171,0.918999999999999,0.273570204889024,2.95001220468244,9.23378624604128,39,0.236763749898494,0,0,0.932,0.94,0.937,0.953,"hetero_ar1",0.5,"substantive",40,"panel_fe_g_inference_summary_M1000_n200_T4_sin_2pi_np_pl_J50_K40_hetero_ar1_rho0p5_dfsubstantive.csv",200,4,"n=200, T=4"
"pl","bam_re","classic",0.9999,0.439342205075203,1,0.731837928547321,3.26480940645367,9.24646693303039,39,0.237088895718728,0,0,0.998,1,1,1,"hetero_ar1",0.5,"substantive",40,"panel_fe_g_inference_summary_M1000_n200_T4_sin_2pi_np_pl_J50_K40_hetero_ar1_rho0p5_dfsubstantive.csv",200,4,"n=200, T=4"
"pl","bam_re","penalty",0.929240000000002,0.178210420922212,0.905999999999998,0.268657562942607,2.95488780698685,9.24646693303039,39,0.237088895718728,0,0,0.902,0.922,0.936,0.927,"hetero_ar1",0.5,"substantive",40,"panel_fe_g_inference_summary_M1000_n200_T4_sin_2pi_np_pl_J50_K40_hetero_ar1_rho0p5_dfsubstantive.csv",200,4,"n=200, T=4"
"np","bam_fd","classic",0.962099999999999,0.12965395155876,0.961,0.196775010827408,2.97463343246879,8.31856327426268,9,0.924284808251409,1,0,0.94,0.974,0.964,0.968,"hetero_ar1",0.5,"substantive",10,"panel_fe_g_inference_summary_M1000_n200_T8_sin_2pi_np_pl_J50_K10_hetero_ar1_rho0p5_dfsubstantive.csv",200,8,"n=200, T=8"
"np","bam_fd","penalty",0.948119999999999,0.120747162854853,0.927,0.181793469572559,2.95094386545991,8.31856327426268,9,0.924284808251409,1,0,0.928,0.959,0.947,0.948,"hetero_ar1",0.5,"substantive",10,"panel_fe_g_inference_summary_M1000_n200_T8_sin_2pi_np_pl_J50_K10_hetero_ar1_rho0p5_dfsubstantive.csv",200,8,"n=200, T=8"
"np","bam_fe","classic",0.964679999999999,0.147058933824849,0.962000000000006,0.223104608552897,2.97340730013019,8.06536033214005,9,0.896151148015562,0.286000000000005,0,0.951,0.96,0.958,0.972,"hetero_ar1",0.5,"substantive",10,"panel_fe_g_inference_summary_M1000_n200_T8_sin_2pi_np_pl_J50_K10_hetero_ar1_rho0p5_dfsubstantive.csv",200,8,"n=200, T=8"
"np","bam_fe","penalty",0.94582,0.133557474286569,0.929999999999994,0.200444102977652,2.94152606413549,8.06536033214005,9,0.896151148015562,0.286000000000005,0,0.931,0.948,0.931,0.95,"hetero_ar1",0.5,"substantive",10,"panel_fe_g_inference_summary_M1000_n200_T8_sin_2pi_np_pl_J50_K10_hetero_ar1_rho0p5_dfsubstantive.csv",200,8,"n=200, T=8"
"np","bam_re","classic",0.9596,0.147107413423159,0.960999999999995,0.223173255089064,2.97334052738517,8.0660222828438,9,0.896224698093756,0.294000000000008,0,0.936,0.961,0.957,0.966,"hetero_ar1",0.5,"substantive",10,"panel_fe_g_inference_summary_M1000_n200_T8_sin_2pi_np_pl_J50_K10_hetero_ar1_rho0p5_dfsubstantive.csv",200,8,"n=200, T=8"
"np","bam_re","penalty",0.937,0.132363430040034,0.909000000000006,0.198796642153133,2.94367066578229,8.0660222828438,9,0.896224698093756,0.294000000000008,0,0.915,0.927,0.934,0.947,"hetero_ar1",0.5,"substantive",10,"panel_fe_g_inference_summary_M1000_n200_T8_sin_2pi_np_pl_J50_K10_hetero_ar1_rho0p5_dfsubstantive.csv",200,8,"n=200, T=8"
"pl","bam_fd","classic",0.959480000000001,0.13117389485119,0.957000000000003,0.198877424466618,2.97159907389894,8.30992160135349,9,0.92332462237261,1,0,0.943,0.955,0.962,0.969,"hetero_ar1",0.5,"substantive",10,"panel_fe_g_inference_summary_M1000_n200_T8_sin_2pi_np_pl_J50_K10_hetero_ar1_rho0p5_dfsubstantive.csv",200,8,"n=200, T=8"
"pl","bam_fd","penalty",0.943720000000001,0.12209205655894,0.931999999999996,0.183646485619728,2.94825375479476,8.30992160135349,9,0.92332462237261,1,0,0.93,0.937,0.942,0.953,"hetero_ar1",0.5,"substantive",10,"panel_fe_g_inference_summary_M1000_n200_T8_sin_2pi_np_pl_J50_K10_hetero_ar1_rho0p5_dfsubstantive.csv",200,8,"n=200, T=8"
"pl","bam_fe","classic",0.964819999999999,0.147113789294286,0.963000000000002,0.223106474848461,2.97235652364879,8.05982153210442,9,0.89553572578938,0.260999999999995,0,0.946,0.972,0.961,0.977,"hetero_ar1",0.5,"substantive",10,"panel_fe_g_inference_summary_M1000_n200_T8_sin_2pi_np_pl_J50_K10_hetero_ar1_rho0p5_dfsubstantive.csv",200,8,"n=200, T=8"
"pl","bam_fe","penalty",0.94464,0.133594030762265,0.934999999999998,0.200244408350729,2.93788194333962,8.05982153210442,9,0.89553572578938,0.260999999999995,0,0.935,0.942,0.936,0.949,"hetero_ar1",0.5,"substantive",10,"panel_fe_g_inference_summary_M1000_n200_T8_sin_2pi_np_pl_J50_K10_hetero_ar1_rho0p5_dfsubstantive.csv",200,8,"n=200, T=8"
"pl","bam_re","classic",0.96038,0.147166938348971,0.958999999999998,0.223190231284515,2.97239651436898,8.06054296394552,9,0.895615884882835,0.263000000000001,0,0.945,0.96,0.963,0.967,"hetero_ar1",0.5,"substantive",10,"panel_fe_g_inference_summary_M1000_n200_T8_sin_2pi_np_pl_J50_K10_hetero_ar1_rho0p5_dfsubstantive.csv",200,8,"n=200, T=8"
"pl","bam_re","penalty",0.936780000000001,0.132462461797216,0.915,0.198699685665078,2.94011795606838,8.06054296394552,9,0.895615884882835,0.263000000000001,0,0.904,0.941,0.938,0.937,"hetero_ar1",0.5,"substantive",10,"panel_fe_g_inference_summary_M1000_n200_T8_sin_2pi_np_pl_J50_K10_hetero_ar1_rho0p5_dfsubstantive.csv",200,8,"n=200, T=8"
"np","bam_fd","classic",0.99386,0.190287093541048,1,0.308895183179632,3.18165350228522,11.0988911784253,19,0.584152167285545,0,0,0.985,0.997,0.991,0.996,"hetero_ar1",0.5,"substantive",20,"panel_fe_g_inference_summary_M1000_n200_T8_sin_2pi_np_pl_J50_K20_hetero_ar1_rho0p5_dfsubstantive.csv",200,8,"n=200, T=8"
"np","bam_fd","penalty",0.944600000000001,0.128157154294166,0.936999999999998,0.197624292645473,3.0223346435354,11.0988911784253,19,0.584152167285545,0,0,0.925,0.959,0.945,0.952,"hetero_ar1",0.5,"substantive",20,"panel_fe_g_inference_summary_M1000_n200_T8_sin_2pi_np_pl_J50_K20_hetero_ar1_rho0p5_dfsubstantive.csv",200,8,"n=200, T=8"
"np","bam_fe","classic",0.99582,0.21578059124799,1,0.350136589635801,3.18035557608101,10.1848401105718,19,0.536044216345883,0,0,0.988,0.992,0.994,0.995,"hetero_ar1",0.5,"substantive",20,"panel_fe_g_inference_summary_M1000_n200_T8_sin_2pi_np_pl_J50_K20_hetero_ar1_rho0p5_dfsubstantive.csv",200,8,"n=200, T=8"
"np","bam_fe","penalty",0.9448,0.138735714590226,0.926,0.212018611598344,2.99530655648798,10.1848401105718,19,0.536044216345883,0,0,0.926,0.946,0.926,0.947,"hetero_ar1",0.5,"substantive",20,"panel_fe_g_inference_summary_M1000_n200_T8_sin_2pi_np_pl_J50_K20_hetero_ar1_rho0p5_dfsubstantive.csv",200,8,"n=200, T=8"
"np","bam_re","classic",0.99462,0.215828261712984,1,0.350214103079318,3.18035648504783,10.1866711086664,19,0.536140584666652,0,0,0.982,0.991,0.993,0.994,"hetero_ar1",0.5,"substantive",20,"panel_fe_g_inference_summary_M1000_n200_T8_sin_2pi_np_pl_J50_K20_hetero_ar1_rho0p5_dfsubstantive.csv",200,8,"n=200, T=8"
"np","bam_re","penalty",0.93622,0.137575746944335,0.907999999999999,0.210376075201861,2.99715114316886,10.1866711086664,19,0.536140584666652,0,0,0.918,0.939,0.922,0.936,"hetero_ar1",0.5,"substantive",20,"panel_fe_g_inference_summary_M1000_n200_T8_sin_2pi_np_pl_J50_K20_hetero_ar1_rho0p5_dfsubstantive.csv",200,8,"n=200, T=8"
"pl","bam_fd","classic",0.99384,0.192105135328046,0.997,0.311676362690908,3.17988488375239,11.0769608357627,19,0.582997938724354,0,0,0.98,0.993,0.995,0.995,"hetero_ar1",0.5,"substantive",20,"panel_fe_g_inference_summary_M1000_n200_T8_sin_2pi_np_pl_J50_K20_hetero_ar1_rho0p5_dfsubstantive.csv",200,8,"n=200, T=8"
"pl","bam_fd","penalty",0.94304,0.129439659539686,0.931000000000002,0.1993190530151,3.018037481683,11.0769608357627,19,0.582997938724354,0,0,0.927,0.938,0.943,0.948,"hetero_ar1",0.5,"substantive",20,"panel_fe_g_inference_summary_M1000_n200_T8_sin_2pi_np_pl_J50_K20_hetero_ar1_rho0p5_dfsubstantive.csv",200,8,"n=200, T=8"
"pl","bam_fe","classic",0.99552,0.215584130636006,1,0.349738522263267,3.17968500210117,10.179109412061,19,0.53574260063479,0,0,0.99,0.994,0.996,0.996,"hetero_ar1",0.5,"substantive",20,"panel_fe_g_inference_summary_M1000_n200_T8_sin_2pi_np_pl_J50_K20_hetero_ar1_rho0p5_dfsubstantive.csv",200,8,"n=200, T=8"
"pl","bam_fe","penalty",0.94556,0.138742710079062,0.923999999999998,0.21167251355506,2.99027550781807,10.179109412061,19,0.53574260063479,0,0,0.935,0.946,0.94,0.946,"hetero_ar1",0.5,"substantive",20,"panel_fe_g_inference_summary_M1000_n200_T8_sin_2pi_np_pl_J50_K20_hetero_ar1_rho0p5_dfsubstantive.csv",200,8,"n=200, T=8"
"pl","bam_re","classic",0.9952,0.215637725838252,1,0.34981899768336,3.1796268747927,10.1801659399506,19,0.535798207365822,0,0,0.987,0.994,0.996,0.996,"hetero_ar1",0.5,"substantive",20,"panel_fe_g_inference_summary_M1000_n200_T8_sin_2pi_np_pl_J50_K20_hetero_ar1_rho0p5_dfsubstantive.csv",200,8,"n=200, T=8"
"pl","bam_re","penalty",0.937239999999999,0.137635945526007,0.914000000000001,0.210131759586033,2.9923714271752,10.1801659399506,19,0.535798207365822,0,0,0.917,0.938,0.94,0.937,"hetero_ar1",0.5,"substantive",20,"panel_fe_g_inference_summary_M1000_n200_T8_sin_2pi_np_pl_J50_K20_hetero_ar1_rho0p5_dfsubstantive.csv",200,8,"n=200, T=8"
"np","bam_fd","classic",0.9998,0.27530312232443,1,0.458937642821242,3.26729282801668,11.6097906245324,39,0.297686939090573,0,0,0.998,1,1,1,"hetero_ar1",0.5,"substantive",40,"panel_fe_g_inference_summary_M1000_n200_T8_sin_2pi_np_pl_J50_K40_hetero_ar1_rho0p5_dfsubstantive.csv",200,8,"n=200, T=8"
"np","bam_fd","penalty",0.944240000000001,0.128384565468026,0.932999999999998,0.198229600571605,3.02619573753483,11.6097906245324,39,0.297686939090573,0,0,0.924,0.96,0.944,0.951,"hetero_ar1",0.5,"substantive",40,"panel_fe_g_inference_summary_M1000_n200_T8_sin_2pi_np_pl_J50_K40_hetero_ar1_rho0p5_dfsubstantive.csv",200,8,"n=200, T=8"
"np","bam_fe","classic",0.99994,0.311545259754773,1,0.519227330751409,3.26642162219813,10.5086574187925,39,0.269452754328012,0,0,0.999,1,1,1,"hetero_ar1",0.5,"substantive",40,"panel_fe_g_inference_summary_M1000_n200_T8_sin_2pi_np_pl_J50_K40_hetero_ar1_rho0p5_dfsubstantive.csv",200,8,"n=200, T=8"
"np","bam_fe","penalty",0.944399999999999,0.138763004961439,0.928999999999999,0.21212932001174,2.99627502883387,10.5086574187925,39,0.269452754328012,0,0,0.926,0.945,0.926,0.951,"hetero_ar1",0.5,"substantive",40,"panel_fe_g_inference_summary_M1000_n200_T8_sin_2pi_np_pl_J50_K40_hetero_ar1_rho0p5_dfsubstantive.csv",200,8,"n=200, T=8"
"np","bam_re","classic",0.99986,0.311596761174806,1,0.519298806136384,3.26632814884783,10.51064026651,39,0.26950359657718,0,0,0.999,1,1,1,"hetero_ar1",0.5,"substantive",40,"panel_fe_g_inference_summary_M1000_n200_T8_sin_2pi_np_pl_J50_K40_hetero_ar1_rho0p5_dfsubstantive.csv",200,8,"n=200, T=8"
"np","bam_re","penalty",0.93604,0.137602952629244,0.909000000000002,0.210491560592206,2.99819569507872,10.51064026651,39,0.26950359657718,0,0,0.917,0.937,0.923,0.936,"hetero_ar1",0.5,"substantive",40,"panel_fe_g_inference_summary_M1000_n200_T8_sin_2pi_np_pl_J50_K40_hetero_ar1_rho0p5_dfsubstantive.csv",200,8,"n=200, T=8"
"pl","bam_fd","classic",0.99962,0.277588903169561,1,0.462762566297667,3.26740713713261,11.5807666190636,39,0.296942733822143,0,0,0.998,1,1,1,"hetero_ar1",0.5,"substantive",40,"panel_fe_g_inference_summary_M1000_n200_T8_sin_2pi_np_pl_J50_K40_hetero_ar1_rho0p5_dfsubstantive.csv",200,8,"n=200, T=8"
"pl","bam_fd","penalty",0.942659999999998,0.129648798381722,0.931,0.199880343065042,3.02162694919429,11.5807666190636,39,0.296942733822143,0,0,0.926,0.938,0.946,0.949,"hetero_ar1",0.5,"substantive",40,"panel_fe_g_inference_summary_M1000_n200_T8_sin_2pi_np_pl_J50_K40_hetero_ar1_rho0p5_dfsubstantive.csv",200,8,"n=200, T=8"
"pl","bam_fe","classic",0.9999,0.310539194968937,1,0.517596565960925,3.26683714175912,10.505153303255,39,0.269362905211667,0,0,0.998,1,1,1,"hetero_ar1",0.5,"substantive",40,"panel_fe_g_inference_summary_M1000_n200_T8_sin_2pi_np_pl_J50_K40_hetero_ar1_rho0p5_dfsubstantive.csv",200,8,"n=200, T=8"
"pl","bam_fe","penalty",0.945699999999999,0.138782408185542,0.922999999999999,0.211834237998111,2.99170594906462,10.505153303255,39,0.269362905211667,0,0,0.934,0.945,0.939,0.943,"hetero_ar1",0.5,"substantive",40,"panel_fe_g_inference_summary_M1000_n200_T8_sin_2pi_np_pl_J50_K40_hetero_ar1_rho0p5_dfsubstantive.csv",200,8,"n=200, T=8"
"pl","bam_re","classic",0.99984,0.310596767063116,1,0.517679370779656,3.26674942988688,10.5061144051777,39,0.26938754885071,0,0,0.998,1,1,1,"hetero_ar1",0.5,"substantive",40,"panel_fe_g_inference_summary_M1000_n200_T8_sin_2pi_np_pl_J50_K40_hetero_ar1_rho0p5_dfsubstantive.csv",200,8,"n=200, T=8"
"pl","bam_re","penalty",0.937339999999999,0.137674745271042,0.916000000000002,0.210289792536025,2.99377838583833,10.5061144051777,39,0.26938754885071,0,0,0.916,0.939,0.94,0.937,"hetero_ar1",0.5,"substantive",40,"panel_fe_g_inference_summary_M1000_n200_T8_sin_2pi_np_pl_J50_K40_hetero_ar1_rho0p5_dfsubstantive.csv",200,8,"n=200, T=8"
"np","bam_fd","classic",0.960699999999999,0.1226614128412,0.970000000000001,0.186194131036355,2.97526437509322,8.35149201214657,9,0.927943556905174,1,0,0.942,0.962,0.942,0.966,"hetero_ar1",0.5,"substantive",10,"panel_fe_g_inference_summary_M1000_n500_T4_sin_2pi_np_pl_J50_K10_hetero_ar1_rho0p5_dfsubstantive.csv",500,4,"n=500, T=4"
"np","bam_fd","penalty",0.947120000000001,0.114602066735553,0.940000000000002,0.172680897782772,2.95345134351882,8.35149201214657,9,0.927943556905174,1,0,0.926,0.95,0.926,0.945,"hetero_ar1",0.5,"substantive",10,"panel_fe_g_inference_summary_M1000_n500_T4_sin_2pi_np_pl_J50_K10_hetero_ar1_rho0p5_dfsubstantive.csv",500,4,"n=500, T=4"
"np","bam_fe","classic",0.963100000000001,0.128872765062638,0.969000000000003,0.195554805743019,2.97427792854511,8.21816777732502,9,0.913129753036113,0.988999999999999,0,0.947,0.971,0.951,0.957,"hetero_ar1",0.5,"substantive",10,"panel_fe_g_inference_summary_M1000_n500_T4_sin_2pi_np_pl_J50_K10_hetero_ar1_rho0p5_dfsubstantive.csv",500,4,"n=500, T=4"
"np","bam_fe","penalty",0.94572,0.118814500633219,0.940000000000002,0.178768492710274,2.94919292487978,8.21816777732502,9,0.913129753036113,0.988999999999999,0,0.931,0.955,0.931,0.944,"hetero_ar1",0.5,"substantive",10,"panel_fe_g_inference_summary_M1000_n500_T4_sin_2pi_np_pl_J50_K10_hetero_ar1_rho0p5_dfsubstantive.csv",500,4,"n=500, T=4"
"np","bam_re","classic",0.9476,0.128972372217571,0.950000000000005,0.195705056322948,2.9742690203242,8.21982178318067,9,0.913313531464519,0.988,0,0.914,0.959,0.954,0.95,"hetero_ar1",0.5,"substantive",10,"panel_fe_g_inference_summary_M1000_n500_T4_sin_2pi_np_pl_J50_K10_hetero_ar1_rho0p5_dfsubstantive.csv",500,4,"n=500, T=4"
"np","bam_re","penalty",0.919599999999999,0.116548743432593,0.882999999999998,0.175557985237671,2.95254510223274,8.21982178318067,9,0.913313531464519,0.988,0,0.876,0.918,0.935,0.917,"hetero_ar1",0.5,"substantive",10,"panel_fe_g_inference_summary_M1000_n500_T4_sin_2pi_np_pl_J50_K10_hetero_ar1_rho0p5_dfsubstantive.csv",500,4,"n=500, T=4"
"pl","bam_fd","classic",0.96238,0.124033176499332,0.964000000000001,0.188181720345554,2.97370999499066,8.34121955865938,9,0.926802173184375,1,0,0.945,0.949,0.972,0.957,"hetero_ar1",0.5,"substantive",10,"panel_fe_g_inference_summary_M1000_n500_T4_sin_2pi_np_pl_J50_K10_hetero_ar1_rho0p5_dfsubstantive.csv",500,4,"n=500, T=4"
"pl","bam_fd","penalty",0.94814,0.11578670555918,0.938000000000004,0.174381310007645,2.95192801999799,8.34121955865938,9,0.926802173184375,1,0,0.934,0.934,0.954,0.942,"hetero_ar1",0.5,"substantive",10,"panel_fe_g_inference_summary_M1000_n500_T4_sin_2pi_np_pl_J50_K10_hetero_ar1_rho0p5_dfsubstantive.csv",500,4,"n=500, T=4"
"pl","bam_fe","classic",0.9647,0.129486646903134,0.972000000000001,0.196456680456513,2.97376629081953,8.2102278825057,9,0.912247542500633,0.985,0,0.942,0.957,0.971,0.971,"hetero_ar1",0.5,"substantive",10,"panel_fe_g_inference_summary_M1000_n500_T4_sin_2pi_np_pl_J50_K10_hetero_ar1_rho0p5_dfsubstantive.csv",500,4,"n=500, T=4"
"pl","bam_fe","penalty",0.947919999999999,0.119306670136945,0.946000000000001,0.179336457763524,2.94624546579177,8.2102278825057,9,0.912247542500633,0.985,0,0.934,0.943,0.951,0.942,"hetero_ar1",0.5,"substantive",10,"panel_fe_g_inference_summary_M1000_n500_T4_sin_2pi_np_pl_J50_K10_hetero_ar1_rho0p5_dfsubstantive.csv",500,4,"n=500, T=4"
"pl","bam_re","classic",0.94788,0.129576947564539,0.941,0.19658818512884,2.97368168716739,8.21302684335065,9,0.912558538150072,0.985999999999998,0,0.892,0.946,0.972,0.953,"hetero_ar1",0.5,"substantive",10,"panel_fe_g_inference_summary_M1000_n500_T4_sin_2pi_np_pl_J50_K10_hetero_ar1_rho0p5_dfsubstantive.csv",500,4,"n=500, T=4"
"pl","bam_re","penalty",0.92268,0.117089738273784,0.896000000000005,0.17622946449076,2.95000478132061,8.21302684335065,9,0.912558538150072,0.985999999999998,0,0.874,0.911,0.953,0.912,"hetero_ar1",0.5,"substantive",10,"panel_fe_g_inference_summary_M1000_n500_T4_sin_2pi_np_pl_J50_K10_hetero_ar1_rho0p5_dfsubstantive.csv",500,4,"n=500, T=4"
"np","bam_fd","classic",0.99398,0.179783505425415,1,0.292000470261681,3.18342116155713,11.2097686124975,19,0.589987821710392,0,0,0.985,0.995,0.995,0.993,"hetero_ar1",0.5,"substantive",20,"panel_fe_g_inference_summary_M1000_n500_T4_sin_2pi_np_pl_J50_K20_hetero_ar1_rho0p5_dfsubstantive.csv",500,4,"n=500, T=4"
"np","bam_fd","penalty",0.947399999999999,0.121910437380202,0.931000000000006,0.188363949065028,3.02848131523775,11.2097686124975,19,0.589987821710392,0,0,0.935,0.956,0.944,0.945,"hetero_ar1",0.5,"substantive",20,"panel_fe_g_inference_summary_M1000_n500_T4_sin_2pi_np_pl_J50_K20_hetero_ar1_rho0p5_dfsubstantive.csv",500,4,"n=500, T=4"
"np","bam_fe","classic",0.99546,0.188824425035661,1,0.306817973631272,3.18486390346527,10.653890568028,19,0.560731082527791,0,0,0.991,0.994,0.995,0.995,"hetero_ar1",0.5,"substantive",20,"panel_fe_g_inference_summary_M1000_n500_T4_sin_2pi_np_pl_J50_K20_hetero_ar1_rho0p5_dfsubstantive.csv",500,4,"n=500, T=4"
"np","bam_fe","penalty",0.944799999999999,0.124571969320056,0.939000000000005,0.191491385193373,3.01301193563919,10.653890568028,19,0.560731082527791,0,0,0.93,0.952,0.936,0.934,"hetero_ar1",0.5,"substantive",20,"panel_fe_g_inference_summary_M1000_n500_T4_sin_2pi_np_pl_J50_K20_hetero_ar1_rho0p5_dfsubstantive.csv",500,4,"n=500, T=4"
"np","bam_re","classic",0.9925,0.18891051136439,0.999,0.306946556115882,3.18474503129912,10.66469467646,19,0.561299719813686,0,0,0.979,0.993,0.996,0.99,"hetero_ar1",0.5,"substantive",20,"panel_fe_g_inference_summary_M1000_n500_T4_sin_2pi_np_pl_J50_K20_hetero_ar1_rho0p5_dfsubstantive.csv",500,4,"n=500, T=4"
"np","bam_re","penalty",0.92174,0.122344500491326,0.887,0.188259791715451,3.01607919645103,10.66469467646,19,0.561299719813686,0,0,0.886,0.932,0.936,0.915,"hetero_ar1",0.5,"substantive",20,"panel_fe_g_inference_summary_M1000_n500_T4_sin_2pi_np_pl_J50_K20_hetero_ar1_rho0p5_dfsubstantive.csv",500,4,"n=500, T=4"
"pl","bam_fd","classic",0.99438,0.181535600546045,1,0.294769823545223,3.18244052221041,11.1868815266357,19,0.588783238243985,0,0,0.984,0.984,0.998,0.993,"hetero_ar1",0.5,"substantive",20,"panel_fe_g_inference_summary_M1000_n500_T4_sin_2pi_np_pl_J50_K20_hetero_ar1_rho0p5_dfsubstantive.csv",500,4,"n=500, T=4"
"pl","bam_fd","penalty",0.945840000000001,0.123090277850006,0.932000000000005,0.190044992447451,3.02601710598262,11.1868815266357,19,0.588783238243985,0,0,0.932,0.939,0.949,0.932,"hetero_ar1",0.5,"substantive",20,"panel_fe_g_inference_summary_M1000_n500_T4_sin_2pi_np_pl_J50_K20_hetero_ar1_rho0p5_dfsubstantive.csv",500,4,"n=500, T=4"
"pl","bam_fe","classic",0.99556,0.189415728613495,0.999,0.307713945343217,3.18404049810273,10.6408511368949,19,0.560044796678678,0,0,0.987,0.994,0.998,0.993,"hetero_ar1",0.5,"substantive",20,"panel_fe_g_inference_summary_M1000_n500_T4_sin_2pi_np_pl_J50_K20_hetero_ar1_rho0p5_dfsubstantive.csv",500,4,"n=500, T=4"
"pl","bam_fe","penalty",0.94592,0.125039243936888,0.935999999999996,0.191989009928423,3.00948282037195,10.6408511368949,19,0.560044796678678,0,0,0.931,0.948,0.956,0.943,"hetero_ar1",0.5,"substantive",20,"panel_fe_g_inference_summary_M1000_n500_T4_sin_2pi_np_pl_J50_K20_hetero_ar1_rho0p5_dfsubstantive.csv",500,4,"n=500, T=4"
"pl","bam_re","classic",0.99296,0.189511393985916,0.997,0.307860817389868,3.18394619957264,10.6510028083144,19,0.560579095174443,0,0,0.976,0.99,0.998,0.991,"hetero_ar1",0.5,"substantive",20,"panel_fe_g_inference_summary_M1000_n500_T4_sin_2pi_np_pl_J50_K20_hetero_ar1_rho0p5_dfsubstantive.csv",500,4,"n=500, T=4"
"pl","bam_re","penalty",0.922040000000001,0.122870033813895,0.898999999999999,0.188913592825989,3.0135415679669,10.6510028083144,19,0.560579095174443,0,0,0.874,0.905,0.955,0.906,"hetero_ar1",0.5,"substantive",20,"panel_fe_g_inference_summary_M1000_n500_T4_sin_2pi_np_pl_J50_K20_hetero_ar1_rho0p5_dfsubstantive.csv",500,4,"n=500, T=4"
"np","bam_fd","classic",0.99984,0.259666303719904,1,0.433196740151101,3.26978818737867,11.7325465713766,39,0.300834527471196,0,0,0.997,1,1,1,"hetero_ar1",0.5,"substantive",40,"panel_fe_g_inference_summary_M1000_n500_T4_sin_2pi_np_pl_J50_K40_hetero_ar1_rho0p5_dfsubstantive.csv",500,4,"n=500, T=4"
"np","bam_fd","penalty",0.94678,0.122084239440862,0.934999999999998,0.188860113871618,3.03209955153503,11.7325465713766,39,0.300834527471196,0,0,0.936,0.954,0.946,0.945,"hetero_ar1",0.5,"substantive",40,"panel_fe_g_inference_summary_M1000_n500_T4_sin_2pi_np_pl_J50_K40_hetero_ar1_rho0p5_dfsubstantive.csv",500,4,"n=500, T=4"
"np","bam_fe","classic",0.9999,0.272094252500629,1,0.453935488795044,3.26987684510888,11.0493576181996,39,0.283316862005117,0,0,0.999,1,1,1,"hetero_ar1",0.5,"substantive",40,"panel_fe_g_inference_summary_M1000_n500_T4_sin_2pi_np_pl_J50_K40_hetero_ar1_rho0p5_dfsubstantive.csv",500,4,"n=500, T=4"
"np","bam_fe","penalty",0.94476,0.124607533305426,0.933000000000003,0.19165965571007,3.01478884379587,11.0493576181996,39,0.283316862005117,0,0,0.929,0.956,0.937,0.933,"hetero_ar1",0.5,"substantive",40,"panel_fe_g_inference_summary_M1000_n500_T4_sin_2pi_np_pl_J50_K40_hetero_ar1_rho0p5_dfsubstantive.csv",500,4,"n=500, T=4"
"np","bam_re","classic",0.99984,0.272198514826855,1,0.454113389116682,3.26990475614787,11.061997653258,39,0.283640965468155,0,0,0.998,1,1,1,"hetero_ar1",0.5,"substantive",40,"panel_fe_g_inference_summary_M1000_n500_T4_sin_2pi_np_pl_J50_K40_hetero_ar1_rho0p5_dfsubstantive.csv",500,4,"n=500, T=4"
"np","bam_re","penalty",0.921939999999999,0.122381594347635,0.890000000000007,0.188476679505772,3.01863548534974,11.061997653258,39,0.283640965468155,0,0,0.886,0.928,0.94,0.917,"hetero_ar1",0.5,"substantive",40,"panel_fe_g_inference_summary_M1000_n500_T4_sin_2pi_np_pl_J50_K40_hetero_ar1_rho0p5_dfsubstantive.csv",500,4,"n=500, T=4"
"pl","bam_fd","classic",0.99994,0.26186813741046,1,0.436925113000983,3.27019364438349,11.7101537041222,39,0.300260351387748,0,0,0.999,1,1,1,"hetero_ar1",0.5,"substantive",40,"panel_fe_g_inference_summary_M1000_n500_T4_sin_2pi_np_pl_J50_K40_hetero_ar1_rho0p5_dfsubstantive.csv",500,4,"n=500, T=4"
"pl","bam_fd","penalty",0.945479999999999,0.123283222832834,0.934000000000002,0.190574309219025,3.02967863645824,11.7101537041222,39,0.300260351387748,0,0,0.931,0.94,0.952,0.931,"hetero_ar1",0.5,"substantive",40,"panel_fe_g_inference_summary_M1000_n500_T4_sin_2pi_np_pl_J50_K40_hetero_ar1_rho0p5_dfsubstantive.csv",500,4,"n=500, T=4"
"pl","bam_fe","classic",0.99988,0.272518119407336,1,0.454841984315661,3.27129865788046,11.0374939089373,39,0.283012664331726,0,0,0.998,1,1,0.999,"hetero_ar1",0.5,"substantive",40,"panel_fe_g_inference_summary_M1000_n500_T4_sin_2pi_np_pl_J50_K40_hetero_ar1_rho0p5_dfsubstantive.csv",500,4,"n=500, T=4"
"pl","bam_fe","penalty",0.945980000000001,0.125088144921143,0.938000000000003,0.192224778163531,3.01197715051992,11.0374939089373,39,0.283012664331726,0,0,0.934,0.946,0.957,0.944,"hetero_ar1",0.5,"substantive",40,"panel_fe_g_inference_summary_M1000_n500_T4_sin_2pi_np_pl_J50_K40_hetero_ar1_rho0p5_dfsubstantive.csv",500,4,"n=500, T=4"
"pl","bam_re","classic",0.99972,0.272633112688076,1,0.455053832114177,3.27144729403383,11.0489157289576,39,0.283305531511732,0,0,0.997,0.999,1,0.999,"hetero_ar1",0.5,"substantive",40,"panel_fe_g_inference_summary_M1000_n500_T4_sin_2pi_np_pl_J50_K40_hetero_ar1_rho0p5_dfsubstantive.csv",500,4,"n=500, T=4"
"pl","bam_re","penalty",0.922620000000001,0.122918144063958,0.900999999999997,0.189122486136937,3.01567753342646,11.0489157289576,39,0.283305531511732,0,0,0.872,0.907,0.959,0.911,"hetero_ar1",0.5,"substantive",40,"panel_fe_g_inference_summary_M1000_n500_T4_sin_2pi_np_pl_J50_K40_hetero_ar1_rho0p5_dfsubstantive.csv",500,4,"n=500, T=4"
