"dgp","method","mean_mse","sd_mse","se_mse","median_mse","mean_rmse","K_smooth","mean_edf","mean_edf_ceiling","mean_edf_ratio","fraction_binding_90","fraction_binding_95","error_design","rho","source_file","n","T","K_smooth_file","configuration","rmse_times_100"
"linear","linear FE",0.0001670653586482,0.000231311975749691,7.31472693442657e-06,7.93944582576628e-05,0.0103485966398684,NA,NA,NA,NA,NA,NA,"hetero_ar1",0.5,"panel_fe_test_mse_summary_M1000_n200_T4_Kfixed7_Kbam10_test1000_linear_quadratic_sin_2pi_no_forests_hetero_ar1_rho0p5.csv",200,4,10,"n=200, T=4",1.03485966398684
"linear","linear FD",0.000148977357537481,0.000209446659227896,6.62328491473273e-06,7.21592806593657e-05,0.00982126617464948,NA,NA,NA,NA,NA,NA,"hetero_ar1",0.5,"panel_fe_test_mse_summary_M1000_n200_T4_Kfixed7_Kbam10_test1000_linear_quadratic_sin_2pi_no_forests_hetero_ar1_rho0p5.csv",200,4,10,"n=200, T=4",0.982126617464948
"linear","spline FE, fixed K",0.000610937750770572,0.000345848176253785,1.09366796157732e-05,0.000551882191785205,0.0237802566227432,NA,NA,NA,NA,NA,NA,"hetero_ar1",0.5,"panel_fe_test_mse_summary_M1000_n200_T4_Kfixed7_Kbam10_test1000_linear_quadratic_sin_2pi_no_forests_hetero_ar1_rho0p5.csv",200,4,10,"n=200, T=4",2.37802566227432
"linear","FD spline, fixed K",0.00054566078853854,0.000310120007150463,9.80685570583169e-06,0.000486441829922623,0.0224747869778198,NA,NA,NA,NA,NA,NA,"hetero_ar1",0.5,"panel_fe_test_mse_summary_M1000_n200_T4_Kfixed7_Kbam10_test1000_linear_quadratic_sin_2pi_no_forests_hetero_ar1_rho0p5.csv",200,4,10,"n=200, T=4",2.24747869778198
"linear","mgcv::bam FE",0.000203920095783261,0.000256196115847185,8.10163253765465e-06,0.000125090620398809,0.0118469834954966,10,1.3166007741142,9,0.146288974901578,0,0,"hetero_ar1",0.5,"panel_fe_test_mse_summary_M1000_n200_T4_Kfixed7_Kbam10_test1000_linear_quadratic_sin_2pi_no_forests_hetero_ar1_rho0p5.csv",200,4,10,"n=200, T=4",1.18469834954966
"linear","mgcv::bam RE",0.000213342017433789,0.00026108760315019,8.25631494788752e-06,0.000121145968587696,0.0121109643142274,10,1.31105012541441,9,0.145672236157156,0,0,"hetero_ar1",0.5,"panel_fe_test_mse_summary_M1000_n200_T4_Kfixed7_Kbam10_test1000_linear_quadratic_sin_2pi_no_forests_hetero_ar1_rho0p5.csv",200,4,10,"n=200, T=4",1.21109643142274
"linear","mgcv::bam FD",0.000197702367309153,0.000237480139636608,7.50978140306513e-06,0.000115743176133757,0.0118059612403753,10,1.44743136200545,9,0.160825706889494,0,0,"hetero_ar1",0.5,"panel_fe_test_mse_summary_M1000_n200_T4_Kfixed7_Kbam10_test1000_linear_quadratic_sin_2pi_no_forests_hetero_ar1_rho0p5.csv",200,4,10,"n=200, T=4",1.18059612403753
"quadratic","linear FE",0.00359008055281191,0.000349442364904402,1.1050337840536e-05,0.0035153679513515,0.0598514694068183,NA,NA,NA,NA,NA,NA,"hetero_ar1",0.5,"panel_fe_test_mse_summary_M1000_n200_T4_Kfixed7_Kbam10_test1000_linear_quadratic_sin_2pi_no_forests_hetero_ar1_rho0p5.csv",200,4,10,"n=200, T=4",5.98514694068183
"quadratic","linear FD",0.00359000310480406,0.000335617662336709,1.06131623596531e-05,0.00352540492433248,0.0598552448475847,NA,NA,NA,NA,NA,NA,"hetero_ar1",0.5,"panel_fe_test_mse_summary_M1000_n200_T4_Kfixed7_Kbam10_test1000_linear_quadratic_sin_2pi_no_forests_hetero_ar1_rho0p5.csv",200,4,10,"n=200, T=4",5.98552448475847
"quadratic","spline FE, fixed K",0.000609611881716344,0.000369861727371717,1.16960547781887e-05,0.000531487512474684,0.0236917072940282,NA,NA,NA,NA,NA,NA,"hetero_ar1",0.5,"panel_fe_test_mse_summary_M1000_n200_T4_Kfixed7_Kbam10_test1000_linear_quadratic_sin_2pi_no_forests_hetero_ar1_rho0p5.csv",200,4,10,"n=200, T=4",2.36917072940282
"quadratic","FD spline, fixed K",0.000551014789156433,0.000323704657542036,1.02364400703764e-05,0.000491996841035681,0.0225509733891711,NA,NA,NA,NA,NA,NA,"hetero_ar1",0.5,"panel_fe_test_mse_summary_M1000_n200_T4_Kfixed7_Kbam10_test1000_linear_quadratic_sin_2pi_no_forests_hetero_ar1_rho0p5.csv",200,4,10,"n=200, T=4",2.25509733891711
"quadratic","mgcv::bam FE",0.0003668792169791,0.000323165858076885,1.02194017352568e-05,0.000284161899616951,0.0176643773798709,10,3.72005946039179,9,0.413339940043532,0,0,"hetero_ar1",0.5,"panel_fe_test_mse_summary_M1000_n200_T4_Kfixed7_Kbam10_test1000_linear_quadratic_sin_2pi_no_forests_hetero_ar1_rho0p5.csv",200,4,10,"n=200, T=4",1.76643773798709
"quadratic","mgcv::bam RE",0.000370819100224095,0.000327411070849757,1.03536471503999e-05,0.000285672054801285,0.0177941334648825,10,3.72237896857378,9,0.413597663174864,0,0,"hetero_ar1",0.5,"panel_fe_test_mse_summary_M1000_n200_T4_Kfixed7_Kbam10_test1000_linear_quadratic_sin_2pi_no_forests_hetero_ar1_rho0p5.csv",200,4,10,"n=200, T=4",1.77941334648825
"quadratic","mgcv::bam FD",0.000340506289203131,0.00027908072258895,8.82530734426687e-06,0.00026330833311621,0.0171077180686505,10,3.97999607547948,9,0.442221786164386,0,0,"hetero_ar1",0.5,"panel_fe_test_mse_summary_M1000_n200_T4_Kfixed7_Kbam10_test1000_linear_quadratic_sin_2pi_no_forests_hetero_ar1_rho0p5.csv",200,4,10,"n=200, T=4",1.71077180686505
"sin_2pi","linear FE",0.231199762185108,0.00779960830435983,0.000246645270989408,0.230723249603483,0.480764291222285,NA,NA,NA,NA,NA,NA,"hetero_ar1",0.5,"panel_fe_test_mse_summary_M1000_n200_T4_Kfixed7_Kbam10_test1000_linear_quadratic_sin_2pi_no_forests_hetero_ar1_rho0p5.csv",200,4,10,"n=200, T=4",48.0764291222285
"sin_2pi","linear FD",0.231642073200669,0.00813044846649685,0.000257107355527533,0.231505764565528,0.481218551427421,NA,NA,NA,NA,NA,NA,"hetero_ar1",0.5,"panel_fe_test_mse_summary_M1000_n200_T4_Kfixed7_Kbam10_test1000_linear_quadratic_sin_2pi_no_forests_hetero_ar1_rho0p5.csv",200,4,10,"n=200, T=4",48.1218551427421
"sin_2pi","spline FE, fixed K",0.00060637232814521,0.000351861791737124,1.11268468347712e-05,0.000529080972985314,0.0236622360662359,NA,NA,NA,NA,NA,NA,"hetero_ar1",0.5,"panel_fe_test_mse_summary_M1000_n200_T4_Kfixed7_Kbam10_test1000_linear_quadratic_sin_2pi_no_forests_hetero_ar1_rho0p5.csv",200,4,10,"n=200, T=4",2.36622360662359
"sin_2pi","FD spline, fixed K",0.000560333781264408,0.000336973644255732,1.06560422729543e-05,0.000496493311655938,0.0227043087519746,NA,NA,NA,NA,NA,NA,"hetero_ar1",0.5,"panel_fe_test_mse_summary_M1000_n200_T4_Kfixed7_Kbam10_test1000_linear_quadratic_sin_2pi_no_forests_hetero_ar1_rho0p5.csv",200,4,10,"n=200, T=4",2.27043087519746
"sin_2pi","mgcv::bam FE",0.000675345790815476,0.000360176206667792,1.13897717206975e-05,0.00060285739956861,0.0251228613706223,10,8.43787834112568,9,0.937542037902853,1,0.006,"hetero_ar1",0.5,"panel_fe_test_mse_summary_M1000_n200_T4_Kfixed7_Kbam10_test1000_linear_quadratic_sin_2pi_no_forests_hetero_ar1_rho0p5.csv",200,4,10,"n=200, T=4",2.51228613706223
"sin_2pi","mgcv::bam RE",0.000730370081556021,0.00084335552782898,2.6669243452331e-05,0.000609969980530354,0.0255979171619377,10,8.43613294100908,9,0.937348104556564,0.996,0.006,"hetero_ar1",0.5,"panel_fe_test_mse_summary_M1000_n200_T4_Kfixed7_Kbam10_test1000_linear_quadratic_sin_2pi_no_forests_hetero_ar1_rho0p5.csv",200,4,10,"n=200, T=4",2.55979171619377
"sin_2pi","mgcv::bam FD",0.000630081325017964,0.000339424437357191,1.07335431556987e-05,0.000558842908698048,0.0242670748644549,10,8.53952314403697,9,0.948835904892997,1,0.383,"hetero_ar1",0.5,"panel_fe_test_mse_summary_M1000_n200_T4_Kfixed7_Kbam10_test1000_linear_quadratic_sin_2pi_no_forests_hetero_ar1_rho0p5.csv",200,4,10,"n=200, T=4",2.42670748644549
"linear","linear FE",0.0001670653586482,0.000231311975749691,7.31472693442657e-06,7.93944582576628e-05,0.0103485966398684,NA,NA,NA,NA,NA,NA,"hetero_ar1",0.5,"panel_fe_test_mse_summary_M1000_n200_T4_Kfixed7_Kbam20_test1000_linear_quadratic_sin_2pi_no_forests_hetero_ar1_rho0p5.csv",200,4,20,"n=200, T=4",1.03485966398684
"linear","linear FD",0.000148977357537481,0.000209446659227896,6.62328491473273e-06,7.21592806593657e-05,0.00982126617464948,NA,NA,NA,NA,NA,NA,"hetero_ar1",0.5,"panel_fe_test_mse_summary_M1000_n200_T4_Kfixed7_Kbam20_test1000_linear_quadratic_sin_2pi_no_forests_hetero_ar1_rho0p5.csv",200,4,20,"n=200, T=4",0.982126617464948
"linear","spline FE, fixed K",0.000610937750770572,0.000345848176253785,1.09366796157732e-05,0.000551882191785205,0.0237802566227432,NA,NA,NA,NA,NA,NA,"hetero_ar1",0.5,"panel_fe_test_mse_summary_M1000_n200_T4_Kfixed7_Kbam20_test1000_linear_quadratic_sin_2pi_no_forests_hetero_ar1_rho0p5.csv",200,4,20,"n=200, T=4",2.37802566227432
"linear","FD spline, fixed K",0.00054566078853854,0.000310120007150463,9.80685570583169e-06,0.000486441829922623,0.0224747869778198,NA,NA,NA,NA,NA,NA,"hetero_ar1",0.5,"panel_fe_test_mse_summary_M1000_n200_T4_Kfixed7_Kbam20_test1000_linear_quadratic_sin_2pi_no_forests_hetero_ar1_rho0p5.csv",200,4,20,"n=200, T=4",2.24747869778198
"linear","mgcv::bam FE",0.000204376614231233,0.000256323626132351,8.10566476691684e-06,0.000126109191376629,0.0118646305573858,20,1.32406653053029,19,0.0696877121331731,0,0,"hetero_ar1",0.5,"panel_fe_test_mse_summary_M1000_n200_T4_Kfixed7_Kbam20_test1000_linear_quadratic_sin_2pi_no_forests_hetero_ar1_rho0p5.csv",200,4,20,"n=200, T=4",1.18646305573858
"linear","mgcv::bam RE",0.000214453863230811,0.000264949537146073,8.3784400238898e-06,0.000121094994591622,0.0121284009538254,20,1.31705661254924,19,0.0693187690815391,0,0,"hetero_ar1",0.5,"panel_fe_test_mse_summary_M1000_n200_T4_Kfixed7_Kbam20_test1000_linear_quadratic_sin_2pi_no_forests_hetero_ar1_rho0p5.csv",200,4,20,"n=200, T=4",1.21284009538254
"linear","mgcv::bam FD",0.000198174383180126,0.000238476618434711,7.54129282948584e-06,0.000115750388327952,0.0118156162665793,20,1.45686536479081,19,0.0766771244626744,0,0,"hetero_ar1",0.5,"panel_fe_test_mse_summary_M1000_n200_T4_Kfixed7_Kbam20_test1000_linear_quadratic_sin_2pi_no_forests_hetero_ar1_rho0p5.csv",200,4,20,"n=200, T=4",1.18156162665793
"quadratic","linear FE",0.00359008055281191,0.000349442364904402,1.1050337840536e-05,0.0035153679513515,0.0598514694068183,NA,NA,NA,NA,NA,NA,"hetero_ar1",0.5,"panel_fe_test_mse_summary_M1000_n200_T4_Kfixed7_Kbam20_test1000_linear_quadratic_sin_2pi_no_forests_hetero_ar1_rho0p5.csv",200,4,20,"n=200, T=4",5.98514694068183
"quadratic","linear FD",0.00359000310480406,0.000335617662336709,1.06131623596531e-05,0.00352540492433248,0.0598552448475847,NA,NA,NA,NA,NA,NA,"hetero_ar1",0.5,"panel_fe_test_mse_summary_M1000_n200_T4_Kfixed7_Kbam20_test1000_linear_quadratic_sin_2pi_no_forests_hetero_ar1_rho0p5.csv",200,4,20,"n=200, T=4",5.98552448475847
"quadratic","spline FE, fixed K",0.000609611881716344,0.000369861727371717,1.16960547781887e-05,0.000531487512474684,0.0236917072940282,NA,NA,NA,NA,NA,NA,"hetero_ar1",0.5,"panel_fe_test_mse_summary_M1000_n200_T4_Kfixed7_Kbam20_test1000_linear_quadratic_sin_2pi_no_forests_hetero_ar1_rho0p5.csv",200,4,20,"n=200, T=4",2.36917072940282
"quadratic","FD spline, fixed K",0.000551014789156433,0.000323704657542036,1.02364400703764e-05,0.000491996841035681,0.0225509733891711,NA,NA,NA,NA,NA,NA,"hetero_ar1",0.5,"panel_fe_test_mse_summary_M1000_n200_T4_Kfixed7_Kbam20_test1000_linear_quadratic_sin_2pi_no_forests_hetero_ar1_rho0p5.csv",200,4,20,"n=200, T=4",2.25509733891711
"quadratic","mgcv::bam FE",0.000367120744281035,0.000323285725073438,1.02231922625107e-05,0.000285707080109454,0.0176699635773194,20,3.77805171067155,19,0.19884482687745,0,0,"hetero_ar1",0.5,"panel_fe_test_mse_summary_M1000_n200_T4_Kfixed7_Kbam20_test1000_linear_quadratic_sin_2pi_no_forests_hetero_ar1_rho0p5.csv",200,4,20,"n=200, T=4",1.76699635773194
"quadratic","mgcv::bam RE",0.00037165498833568,0.000328158230149202,1.03772744020121e-05,0.000285870253226471,0.0178109931746886,20,3.78256577290321,19,0.199082409100169,0,0,"hetero_ar1",0.5,"panel_fe_test_mse_summary_M1000_n200_T4_Kfixed7_Kbam20_test1000_linear_quadratic_sin_2pi_no_forests_hetero_ar1_rho0p5.csv",200,4,20,"n=200, T=4",1.78109931746886
"quadratic","mgcv::bam FD",0.000341469229082993,0.000280346957162874,8.86534919732338e-06,0.00026340542597214,0.0171281037176441,20,4.06381736465152,19,0.213885124455343,0,0,"hetero_ar1",0.5,"panel_fe_test_mse_summary_M1000_n200_T4_Kfixed7_Kbam20_test1000_linear_quadratic_sin_2pi_no_forests_hetero_ar1_rho0p5.csv",200,4,20,"n=200, T=4",1.71281037176441
"sin_2pi","linear FE",0.231199762185108,0.00779960830435983,0.000246645270989408,0.230723249603483,0.480764291222285,NA,NA,NA,NA,NA,NA,"hetero_ar1",0.5,"panel_fe_test_mse_summary_M1000_n200_T4_Kfixed7_Kbam20_test1000_linear_quadratic_sin_2pi_no_forests_hetero_ar1_rho0p5.csv",200,4,20,"n=200, T=4",48.0764291222285
"sin_2pi","linear FD",0.231642073200669,0.00813044846649685,0.000257107355527533,0.231505764565528,0.481218551427421,NA,NA,NA,NA,NA,NA,"hetero_ar1",0.5,"panel_fe_test_mse_summary_M1000_n200_T4_Kfixed7_Kbam20_test1000_linear_quadratic_sin_2pi_no_forests_hetero_ar1_rho0p5.csv",200,4,20,"n=200, T=4",48.1218551427421
"sin_2pi","spline FE, fixed K",0.00060637232814521,0.000351861791737124,1.11268468347712e-05,0.000529080972985314,0.0236622360662359,NA,NA,NA,NA,NA,NA,"hetero_ar1",0.5,"panel_fe_test_mse_summary_M1000_n200_T4_Kfixed7_Kbam20_test1000_linear_quadratic_sin_2pi_no_forests_hetero_ar1_rho0p5.csv",200,4,20,"n=200, T=4",2.36622360662359
"sin_2pi","FD spline, fixed K",0.000560333781264408,0.000336973644255732,1.06560422729543e-05,0.000496493311655938,0.0227043087519746,NA,NA,NA,NA,NA,NA,"hetero_ar1",0.5,"panel_fe_test_mse_summary_M1000_n200_T4_Kfixed7_Kbam20_test1000_linear_quadratic_sin_2pi_no_forests_hetero_ar1_rho0p5.csv",200,4,20,"n=200, T=4",2.27043087519746
"sin_2pi","mgcv::bam FE",0.000758853166951802,0.00037328257584522,1.18042315052545e-05,0.000692536635143686,0.0267775386672414,20,11.4903556218919,19,0.60475555904694,0,0,"hetero_ar1",0.5,"panel_fe_test_mse_summary_M1000_n200_T4_Kfixed7_Kbam20_test1000_linear_quadratic_sin_2pi_no_forests_hetero_ar1_rho0p5.csv",200,4,20,"n=200, T=4",2.67775386672414
"sin_2pi","mgcv::bam RE",0.000767474516467089,0.000382035177595724,1.20810130750942e-05,0.000689507369020541,0.0269156432645508,20,11.493144735766,19,0.604902354514002,0,0,"hetero_ar1",0.5,"panel_fe_test_mse_summary_M1000_n200_T4_Kfixed7_Kbam20_test1000_linear_quadratic_sin_2pi_no_forests_hetero_ar1_rho0p5.csv",200,4,20,"n=200, T=4",2.69156432645508
"sin_2pi","mgcv::bam FD",0.000728322951687004,0.000355326865170298,1.1236422077857e-05,0.000659961571600997,0.0262545445140569,20,12.0452411537739,19,0.633960060724941,0,0,"hetero_ar1",0.5,"panel_fe_test_mse_summary_M1000_n200_T4_Kfixed7_Kbam20_test1000_linear_quadratic_sin_2pi_no_forests_hetero_ar1_rho0p5.csv",200,4,20,"n=200, T=4",2.62545445140569
"linear","linear FE",0.0001670653586482,0.000231311975749691,7.31472693442657e-06,7.93944582576628e-05,0.0103485966398684,NA,NA,NA,NA,NA,NA,"hetero_ar1",0.5,"panel_fe_test_mse_summary_M1000_n200_T4_Kfixed7_Kbam40_test1000_linear_quadratic_sin_2pi_no_forests_hetero_ar1_rho0p5.csv",200,4,40,"n=200, T=4",1.03485966398684
"linear","linear FD",0.000148977357537481,0.000209446659227896,6.62328491473273e-06,7.21592806593657e-05,0.00982126617464948,NA,NA,NA,NA,NA,NA,"hetero_ar1",0.5,"panel_fe_test_mse_summary_M1000_n200_T4_Kfixed7_Kbam40_test1000_linear_quadratic_sin_2pi_no_forests_hetero_ar1_rho0p5.csv",200,4,40,"n=200, T=4",0.982126617464948
"linear","spline FE, fixed K",0.000610937750770572,0.000345848176253785,1.09366796157732e-05,0.000551882191785205,0.0237802566227432,NA,NA,NA,NA,NA,NA,"hetero_ar1",0.5,"panel_fe_test_mse_summary_M1000_n200_T4_Kfixed7_Kbam40_test1000_linear_quadratic_sin_2pi_no_forests_hetero_ar1_rho0p5.csv",200,4,40,"n=200, T=4",2.37802566227432
"linear","FD spline, fixed K",0.00054566078853854,0.000310120007150463,9.80685570583169e-06,0.000486441829922623,0.0224747869778198,NA,NA,NA,NA,NA,NA,"hetero_ar1",0.5,"panel_fe_test_mse_summary_M1000_n200_T4_Kfixed7_Kbam40_test1000_linear_quadratic_sin_2pi_no_forests_hetero_ar1_rho0p5.csv",200,4,40,"n=200, T=4",2.24747869778198
"linear","mgcv::bam FE",0.000204009804039298,0.000256317190457404,8.10546125300572e-06,0.00012548270798304,0.0118494405994009,40,1.32009446612252,39,0.0338485760544236,0,0,"hetero_ar1",0.5,"panel_fe_test_mse_summary_M1000_n200_T4_Kfixed7_Kbam40_test1000_linear_quadratic_sin_2pi_no_forests_hetero_ar1_rho0p5.csv",200,4,40,"n=200, T=4",1.18494405994009
"linear","mgcv::bam RE",0.00021924475896929,0.000266729297987384,8.43472100337898e-06,0.000122358405002767,0.0122712841197434,40,1.38268908809846,39,0.0354535663614989,0,0,"hetero_ar1",0.5,"panel_fe_test_mse_summary_M1000_n200_T4_Kfixed7_Kbam40_test1000_linear_quadratic_sin_2pi_no_forests_hetero_ar1_rho0p5.csv",200,4,40,"n=200, T=4",1.22712841197434
"linear","mgcv::bam FD",0.000198198075631331,0.000238546533385265,7.54350373434834e-06,0.000115691624043077,0.0118160712640025,40,1.45774565640573,39,0.037378093753993,0,0,"hetero_ar1",0.5,"panel_fe_test_mse_summary_M1000_n200_T4_Kfixed7_Kbam40_test1000_linear_quadratic_sin_2pi_no_forests_hetero_ar1_rho0p5.csv",200,4,40,"n=200, T=4",1.18160712640025
"quadratic","linear FE",0.00359008055281191,0.000349442364904402,1.1050337840536e-05,0.0035153679513515,0.0598514694068183,NA,NA,NA,NA,NA,NA,"hetero_ar1",0.5,"panel_fe_test_mse_summary_M1000_n200_T4_Kfixed7_Kbam40_test1000_linear_quadratic_sin_2pi_no_forests_hetero_ar1_rho0p5.csv",200,4,40,"n=200, T=4",5.98514694068183
"quadratic","linear FD",0.00359000310480406,0.000335617662336709,1.06131623596531e-05,0.00352540492433248,0.0598552448475847,NA,NA,NA,NA,NA,NA,"hetero_ar1",0.5,"panel_fe_test_mse_summary_M1000_n200_T4_Kfixed7_Kbam40_test1000_linear_quadratic_sin_2pi_no_forests_hetero_ar1_rho0p5.csv",200,4,40,"n=200, T=4",5.98552448475847
"quadratic","spline FE, fixed K",0.000609611881716344,0.000369861727371717,1.16960547781887e-05,0.000531487512474684,0.0236917072940282,NA,NA,NA,NA,NA,NA,"hetero_ar1",0.5,"panel_fe_test_mse_summary_M1000_n200_T4_Kfixed7_Kbam40_test1000_linear_quadratic_sin_2pi_no_forests_hetero_ar1_rho0p5.csv",200,4,40,"n=200, T=4",2.36917072940282
"quadratic","FD spline, fixed K",0.000551014789156433,0.000323704657542036,1.02364400703764e-05,0.000491996841035681,0.0225509733891711,NA,NA,NA,NA,NA,NA,"hetero_ar1",0.5,"panel_fe_test_mse_summary_M1000_n200_T4_Kfixed7_Kbam40_test1000_linear_quadratic_sin_2pi_no_forests_hetero_ar1_rho0p5.csv",200,4,40,"n=200, T=4",2.25509733891711
"quadratic","mgcv::bam FE",0.000367218243107108,0.000323373324314751,1.02259623937492e-05,0.000286434967741419,0.0176720666328941,40,3.78428252447748,39,0.0970328852430123,0,0,"hetero_ar1",0.5,"panel_fe_test_mse_summary_M1000_n200_T4_Kfixed7_Kbam40_test1000_linear_quadratic_sin_2pi_no_forests_hetero_ar1_rho0p5.csv",200,4,40,"n=200, T=4",1.76720666328941
"quadratic","mgcv::bam RE",0.000372814471854949,0.000327962581333872,1.03710874432326e-05,0.00028806350760694,0.017846021832228,40,3.80027865876713,39,0.0974430425324904,0,0,"hetero_ar1",0.5,"panel_fe_test_mse_summary_M1000_n200_T4_Kfixed7_Kbam40_test1000_linear_quadratic_sin_2pi_no_forests_hetero_ar1_rho0p5.csv",200,4,40,"n=200, T=4",1.7846021832228
"quadratic","mgcv::bam FD",0.00034155939244238,0.000280499815405051,8.87018299936746e-06,0.000263037729164239,0.0171301654079047,40,4.07263098044876,39,0.104426435396122,0,0,"hetero_ar1",0.5,"panel_fe_test_mse_summary_M1000_n200_T4_Kfixed7_Kbam40_test1000_linear_quadratic_sin_2pi_no_forests_hetero_ar1_rho0p5.csv",200,4,40,"n=200, T=4",1.71301654079047
"sin_2pi","linear FE",0.231199762185108,0.00779960830435983,0.000246645270989408,0.230723249603483,0.480764291222285,NA,NA,NA,NA,NA,NA,"hetero_ar1",0.5,"panel_fe_test_mse_summary_M1000_n200_T4_Kfixed7_Kbam40_test1000_linear_quadratic_sin_2pi_no_forests_hetero_ar1_rho0p5.csv",200,4,40,"n=200, T=4",48.0764291222285
"sin_2pi","linear FD",0.231642073200669,0.00813044846649685,0.000257107355527533,0.231505764565528,0.481218551427421,NA,NA,NA,NA,NA,NA,"hetero_ar1",0.5,"panel_fe_test_mse_summary_M1000_n200_T4_Kfixed7_Kbam40_test1000_linear_quadratic_sin_2pi_no_forests_hetero_ar1_rho0p5.csv",200,4,40,"n=200, T=4",48.1218551427421
"sin_2pi","spline FE, fixed K",0.00060637232814521,0.000351861791737124,1.11268468347712e-05,0.000529080972985314,0.0236622360662359,NA,NA,NA,NA,NA,NA,"hetero_ar1",0.5,"panel_fe_test_mse_summary_M1000_n200_T4_Kfixed7_Kbam40_test1000_linear_quadratic_sin_2pi_no_forests_hetero_ar1_rho0p5.csv",200,4,40,"n=200, T=4",2.36622360662359
"sin_2pi","FD spline, fixed K",0.000560333781264408,0.000336973644255732,1.06560422729543e-05,0.000496493311655938,0.0227043087519746,NA,NA,NA,NA,NA,NA,"hetero_ar1",0.5,"panel_fe_test_mse_summary_M1000_n200_T4_Kfixed7_Kbam40_test1000_linear_quadratic_sin_2pi_no_forests_hetero_ar1_rho0p5.csv",200,4,40,"n=200, T=4",2.27043087519746
"sin_2pi","mgcv::bam FE",0.000761316304939077,0.000373537530497005,1.18122938792514e-05,0.00069567746822684,0.0268252282651567,40,12.0467954975085,39,0.308892192243809,0,0,"hetero_ar1",0.5,"panel_fe_test_mse_summary_M1000_n200_T4_Kfixed7_Kbam40_test1000_linear_quadratic_sin_2pi_no_forests_hetero_ar1_rho0p5.csv",200,4,40,"n=200, T=4",2.68252282651567
"sin_2pi","mgcv::bam RE",0.000769868356871319,0.000382074729622359,1.20822638199966e-05,0.000691273603038096,0.0269624852954966,40,12.0502244215023,39,0.308980113371855,0,0,"hetero_ar1",0.5,"panel_fe_test_mse_summary_M1000_n200_T4_Kfixed7_Kbam40_test1000_linear_quadratic_sin_2pi_no_forests_hetero_ar1_rho0p5.csv",200,4,40,"n=200, T=4",2.69624852954966
"sin_2pi","mgcv::bam FD",0.000733123320768802,0.000356405149214448,1.12705204132983e-05,0.00066540270529843,0.026346523889535,40,12.7732655091794,39,0.327519628440498,0,0,"hetero_ar1",0.5,"panel_fe_test_mse_summary_M1000_n200_T4_Kfixed7_Kbam40_test1000_linear_quadratic_sin_2pi_no_forests_hetero_ar1_rho0p5.csv",200,4,40,"n=200, T=4",2.6346523889535
"linear","linear FE",9.49206179156355e-05,0.000139049782085107,4.39714019539017e-06,4.12176478173468e-05,0.00771979470151943,NA,NA,NA,NA,NA,NA,"hetero_ar1",0.5,"panel_fe_test_mse_summary_M1000_n200_T8_Kfixed7_Kbam10_test1000_linear_quadratic_sin_2pi_no_forests_hetero_ar1_rho0p5.csv",200,8,10,"n=200, T=8",0.771979470151943
"linear","linear FD",7.22738538457635e-05,9.93110454933627e-05,3.14049100571626e-06,3.32786481893218e-05,0.00680040651089717,NA,NA,NA,NA,NA,NA,"hetero_ar1",0.5,"panel_fe_test_mse_summary_M1000_n200_T8_Kfixed7_Kbam10_test1000_linear_quadratic_sin_2pi_no_forests_hetero_ar1_rho0p5.csv",200,8,10,"n=200, T=8",0.680040651089717
"linear","spline FE, fixed K",0.000317974693989617,0.000198495865291472,6.27699040447014e-06,0.000267159406485893,0.0170422048880468,NA,NA,NA,NA,NA,NA,"hetero_ar1",0.5,"panel_fe_test_mse_summary_M1000_n200_T8_Kfixed7_Kbam10_test1000_linear_quadratic_sin_2pi_no_forests_hetero_ar1_rho0p5.csv",200,8,10,"n=200, T=8",1.70422048880468
"linear","FD spline, fixed K",0.000246758856249966,0.000147690265617546,4.670376275867e-06,0.000217762993960208,0.0150372355631803,NA,NA,NA,NA,NA,NA,"hetero_ar1",0.5,"panel_fe_test_mse_summary_M1000_n200_T8_Kfixed7_Kbam10_test1000_linear_quadratic_sin_2pi_no_forests_hetero_ar1_rho0p5.csv",200,8,10,"n=200, T=8",1.50372355631803
"linear","mgcv::bam FE",0.000114880128842848,0.000151520836724813,4.79150957024897e-06,5.58562855768944e-05,0.00879013733232638,10,1.31323273667889,9,0.145914748519876,0,0,"hetero_ar1",0.5,"panel_fe_test_mse_summary_M1000_n200_T8_Kfixed7_Kbam10_test1000_linear_quadratic_sin_2pi_no_forests_hetero_ar1_rho0p5.csv",200,8,10,"n=200, T=8",0.879013733232638
"linear","mgcv::bam RE",0.000115623161776531,0.000155421590747007,4.91486224327094e-06,5.72752740562655e-05,0.00880978811191802,10,1.31441404932527,9,0.146046005480585,0,0,"hetero_ar1",0.5,"panel_fe_test_mse_summary_M1000_n200_T8_Kfixed7_Kbam10_test1000_linear_quadratic_sin_2pi_no_forests_hetero_ar1_rho0p5.csv",200,8,10,"n=200, T=8",0.880978811191802
"linear","mgcv::bam FD",9.29098094561103e-05,0.000110866395539031,3.5059032587647e-06,5.40428159065582e-05,0.00805042375688507,10,1.48094999466076,9,0.164549999406751,0,0,"hetero_ar1",0.5,"panel_fe_test_mse_summary_M1000_n200_T8_Kfixed7_Kbam10_test1000_linear_quadratic_sin_2pi_no_forests_hetero_ar1_rho0p5.csv",200,8,10,"n=200, T=8",0.805042375688507
"quadratic","linear FE",0.00349174150277907,0.000229632196081517,7.26160763723986e-06,0.0034653664037756,0.0590600681929323,NA,NA,NA,NA,NA,NA,"hetero_ar1",0.5,"panel_fe_test_mse_summary_M1000_n200_T8_Kfixed7_Kbam10_test1000_linear_quadratic_sin_2pi_no_forests_hetero_ar1_rho0p5.csv",200,8,10,"n=200, T=8",5.90600681929323
"quadratic","linear FD",0.00347882096232184,0.000218170057622217,6.89914299336385e-06,0.00345538191514204,0.0589535029308039,NA,NA,NA,NA,NA,NA,"hetero_ar1",0.5,"panel_fe_test_mse_summary_M1000_n200_T8_Kfixed7_Kbam10_test1000_linear_quadratic_sin_2pi_no_forests_hetero_ar1_rho0p5.csv",200,8,10,"n=200, T=8",5.89535029308039
"quadratic","spline FE, fixed K",0.000317872972375044,0.000184440241906883,5.83251256618189e-06,0.000278999041683942,0.0171349134814569,NA,NA,NA,NA,NA,NA,"hetero_ar1",0.5,"panel_fe_test_mse_summary_M1000_n200_T8_Kfixed7_Kbam10_test1000_linear_quadratic_sin_2pi_no_forests_hetero_ar1_rho0p5.csv",200,8,10,"n=200, T=8",1.71349134814569
"quadratic","FD spline, fixed K",0.000247845370970805,0.000145939140536203,4.6150008386181e-06,0.000220093090837792,0.0151148868551831,NA,NA,NA,NA,NA,NA,"hetero_ar1",0.5,"panel_fe_test_mse_summary_M1000_n200_T8_Kfixed7_Kbam10_test1000_linear_quadratic_sin_2pi_no_forests_hetero_ar1_rho0p5.csv",200,8,10,"n=200, T=8",1.51148868551831
"quadratic","mgcv::bam FE",0.000199147318323104,0.000158344254663906,5.00728499139682e-06,0.00015519614706962,0.013192413448935,10,4.2353900557517,9,0.470598895083522,0,0,"hetero_ar1",0.5,"panel_fe_test_mse_summary_M1000_n200_T8_Kfixed7_Kbam10_test1000_linear_quadratic_sin_2pi_no_forests_hetero_ar1_rho0p5.csv",200,8,10,"n=200, T=8",1.3192413448935
"quadratic","mgcv::bam RE",0.00020020581601812,0.000156197433746668,4.93939655312718e-06,0.000157338079354467,0.0132495731601319,10,4.23582206066067,9,0.470646895628963,0,0,"hetero_ar1",0.5,"panel_fe_test_mse_summary_M1000_n200_T8_Kfixed7_Kbam10_test1000_linear_quadratic_sin_2pi_no_forests_hetero_ar1_rho0p5.csv",200,8,10,"n=200, T=8",1.32495731601319
"quadratic","mgcv::bam FD",0.000163359083818741,0.0001223863990183,3.87019775524023e-06,0.000132092224578184,0.0120123722958212,10,4.68628019543142,9,0.52069779949238,0,0,"hetero_ar1",0.5,"panel_fe_test_mse_summary_M1000_n200_T8_Kfixed7_Kbam10_test1000_linear_quadratic_sin_2pi_no_forests_hetero_ar1_rho0p5.csv",200,8,10,"n=200, T=8",1.20123722958212
"sin_2pi","linear FE",0.230413239602272,0.0072140429123005,0.000228128067410639,0.23022371780682,0.479955059630746,NA,NA,NA,NA,NA,NA,"hetero_ar1",0.5,"panel_fe_test_mse_summary_M1000_n200_T8_Kfixed7_Kbam10_test1000_linear_quadratic_sin_2pi_no_forests_hetero_ar1_rho0p5.csv",200,8,10,"n=200, T=8",47.9955059630746
"sin_2pi","linear FD",0.230599099983806,0.00743047640201224,0.000234972295304916,0.230208474831779,0.480145250530068,NA,NA,NA,NA,NA,NA,"hetero_ar1",0.5,"panel_fe_test_mse_summary_M1000_n200_T8_Kfixed7_Kbam10_test1000_linear_quadratic_sin_2pi_no_forests_hetero_ar1_rho0p5.csv",200,8,10,"n=200, T=8",48.0145250530068
"sin_2pi","spline FE, fixed K",0.000320453295664667,0.00018267660296509,5.77674140591954e-06,0.000288343878993469,0.0172331219097441,NA,NA,NA,NA,NA,NA,"hetero_ar1",0.5,"panel_fe_test_mse_summary_M1000_n200_T8_Kfixed7_Kbam10_test1000_linear_quadratic_sin_2pi_no_forests_hetero_ar1_rho0p5.csv",200,8,10,"n=200, T=8",1.72331219097441
"sin_2pi","FD spline, fixed K",0.000255534615617536,0.000140863428574156,4.45449273314778e-06,0.000235102857315229,0.0154110588745772,NA,NA,NA,NA,NA,NA,"hetero_ar1",0.5,"panel_fe_test_mse_summary_M1000_n200_T8_Kfixed7_Kbam10_test1000_linear_quadratic_sin_2pi_no_forests_hetero_ar1_rho0p5.csv",200,8,10,"n=200, T=8",1.54110588745772
"sin_2pi","mgcv::bam FE",0.00036939983332422,0.000189179188807363,5.98237122534298e-06,0.000336622499533527,0.0186360008388631,10,8.67044102595142,9,0.963382336216825,1,1,"hetero_ar1",0.5,"panel_fe_test_mse_summary_M1000_n200_T8_Kfixed7_Kbam10_test1000_linear_quadratic_sin_2pi_no_forests_hetero_ar1_rho0p5.csv",200,8,10,"n=200, T=8",1.86360008388631
"sin_2pi","mgcv::bam RE",0.000451641436915161,0.000909695899065667,2.87671101916215e-05,0.000340293615453459,0.0193488417649324,10,8.66452598861733,9,0.962725109846371,0.992,0.992,"hetero_ar1",0.5,"panel_fe_test_mse_summary_M1000_n200_T8_Kfixed7_Kbam10_test1000_linear_quadratic_sin_2pi_no_forests_hetero_ar1_rho0p5.csv",200,8,10,"n=200, T=8",1.93488417649324
"sin_2pi","mgcv::bam FD",0.00030002081518613,0.00014909912591162,4.71492835020947e-06,0.0002777885365225,0.016808691312882,10,8.77798068997146,9,0.975331187774607,1,1,"hetero_ar1",0.5,"panel_fe_test_mse_summary_M1000_n200_T8_Kfixed7_Kbam10_test1000_linear_quadratic_sin_2pi_no_forests_hetero_ar1_rho0p5.csv",200,8,10,"n=200, T=8",1.6808691312882
"linear","linear FE",9.49206179156355e-05,0.000139049782085107,4.39714019539017e-06,4.12176478173468e-05,0.00771979470151943,NA,NA,NA,NA,NA,NA,"hetero_ar1",0.5,"panel_fe_test_mse_summary_M1000_n200_T8_Kfixed7_Kbam20_test1000_linear_quadratic_sin_2pi_no_forests_hetero_ar1_rho0p5.csv",200,8,20,"n=200, T=8",0.771979470151943
"linear","linear FD",7.22738538457635e-05,9.93110454933627e-05,3.14049100571626e-06,3.32786481893218e-05,0.00680040651089717,NA,NA,NA,NA,NA,NA,"hetero_ar1",0.5,"panel_fe_test_mse_summary_M1000_n200_T8_Kfixed7_Kbam20_test1000_linear_quadratic_sin_2pi_no_forests_hetero_ar1_rho0p5.csv",200,8,20,"n=200, T=8",0.680040651089717
"linear","spline FE, fixed K",0.000317974693989617,0.000198495865291472,6.27699040447014e-06,0.000267159406485893,0.0170422048880468,NA,NA,NA,NA,NA,NA,"hetero_ar1",0.5,"panel_fe_test_mse_summary_M1000_n200_T8_Kfixed7_Kbam20_test1000_linear_quadratic_sin_2pi_no_forests_hetero_ar1_rho0p5.csv",200,8,20,"n=200, T=8",1.70422048880468
"linear","FD spline, fixed K",0.000246758856249966,0.000147690265617546,4.670376275867e-06,0.000217762993960208,0.0150372355631803,NA,NA,NA,NA,NA,NA,"hetero_ar1",0.5,"panel_fe_test_mse_summary_M1000_n200_T8_Kfixed7_Kbam20_test1000_linear_quadratic_sin_2pi_no_forests_hetero_ar1_rho0p5.csv",200,8,20,"n=200, T=8",1.50372355631803
"linear","mgcv::bam FE",0.000115929830688711,0.000153665657743966,4.85933476618825e-06,5.64086623772389e-05,0.0088188362837692,20,1.3301768819645,19,0.0700093095770791,0,0,"hetero_ar1",0.5,"panel_fe_test_mse_summary_M1000_n200_T8_Kfixed7_Kbam20_test1000_linear_quadratic_sin_2pi_no_forests_hetero_ar1_rho0p5.csv",200,8,20,"n=200, T=8",0.88188362837692
"linear","mgcv::bam RE",0.000116681501459527,0.000157484394081268,4.98009381228347e-06,5.73178351367341e-05,0.00883854001947286,20,1.33169403362885,19,0.0700891596646765,0,0,"hetero_ar1",0.5,"panel_fe_test_mse_summary_M1000_n200_T8_Kfixed7_Kbam20_test1000_linear_quadratic_sin_2pi_no_forests_hetero_ar1_rho0p5.csv",200,8,20,"n=200, T=8",0.883854001947286
"linear","mgcv::bam FD",9.33554752017421e-05,0.00011110873442207,3.51356668712494e-06,5.50099274173767e-05,0.00807212571031872,20,1.4988134777344,19,0.0788849198807578,0,0,"hetero_ar1",0.5,"panel_fe_test_mse_summary_M1000_n200_T8_Kfixed7_Kbam20_test1000_linear_quadratic_sin_2pi_no_forests_hetero_ar1_rho0p5.csv",200,8,20,"n=200, T=8",0.807212571031872
"quadratic","linear FE",0.00349174150277907,0.000229632196081517,7.26160763723986e-06,0.0034653664037756,0.0590600681929323,NA,NA,NA,NA,NA,NA,"hetero_ar1",0.5,"panel_fe_test_mse_summary_M1000_n200_T8_Kfixed7_Kbam20_test1000_linear_quadratic_sin_2pi_no_forests_hetero_ar1_rho0p5.csv",200,8,20,"n=200, T=8",5.90600681929323
"quadratic","linear FD",0.00347882096232184,0.000218170057622217,6.89914299336385e-06,0.00345538191514204,0.0589535029308039,NA,NA,NA,NA,NA,NA,"hetero_ar1",0.5,"panel_fe_test_mse_summary_M1000_n200_T8_Kfixed7_Kbam20_test1000_linear_quadratic_sin_2pi_no_forests_hetero_ar1_rho0p5.csv",200,8,20,"n=200, T=8",5.89535029308039
"quadratic","spline FE, fixed K",0.000317872972375044,0.000184440241906883,5.83251256618189e-06,0.000278999041683942,0.0171349134814569,NA,NA,NA,NA,NA,NA,"hetero_ar1",0.5,"panel_fe_test_mse_summary_M1000_n200_T8_Kfixed7_Kbam20_test1000_linear_quadratic_sin_2pi_no_forests_hetero_ar1_rho0p5.csv",200,8,20,"n=200, T=8",1.71349134814569
"quadratic","FD spline, fixed K",0.000247845370970805,0.000145939140536203,4.6150008386181e-06,0.000220093090837792,0.0151148868551831,NA,NA,NA,NA,NA,NA,"hetero_ar1",0.5,"panel_fe_test_mse_summary_M1000_n200_T8_Kfixed7_Kbam20_test1000_linear_quadratic_sin_2pi_no_forests_hetero_ar1_rho0p5.csv",200,8,20,"n=200, T=8",1.51148868551831
"quadratic","mgcv::bam FE",0.000199264594760084,0.000158393079668382,5.00882897360596e-06,0.000154877687316803,0.013197509258406,20,4.32824928236545,19,0.227802593808708,0,0,"hetero_ar1",0.5,"panel_fe_test_mse_summary_M1000_n200_T8_Kfixed7_Kbam20_test1000_linear_quadratic_sin_2pi_no_forests_hetero_ar1_rho0p5.csv",200,8,20,"n=200, T=8",1.3197509258406
"quadratic","mgcv::bam RE",0.000200313264956036,0.000156203707880851,4.93959495867082e-06,0.000156959599727475,0.0132541739405277,20,4.32867631482738,19,0.227825069201441,0,0,"hetero_ar1",0.5,"panel_fe_test_mse_summary_M1000_n200_T8_Kfixed7_Kbam20_test1000_linear_quadratic_sin_2pi_no_forests_hetero_ar1_rho0p5.csv",200,8,20,"n=200, T=8",1.32541739405277
"quadratic","mgcv::bam FD",0.000164125546559123,0.000122736997889416,3.88128466501835e-06,0.000132662375887606,0.0120408783805719,20,4.84680161649749,19,0.25509482192092,0,0,"hetero_ar1",0.5,"panel_fe_test_mse_summary_M1000_n200_T8_Kfixed7_Kbam20_test1000_linear_quadratic_sin_2pi_no_forests_hetero_ar1_rho0p5.csv",200,8,20,"n=200, T=8",1.20408783805719
"sin_2pi","linear FE",0.230413239602272,0.0072140429123005,0.000228128067410639,0.23022371780682,0.479955059630746,NA,NA,NA,NA,NA,NA,"hetero_ar1",0.5,"panel_fe_test_mse_summary_M1000_n200_T8_Kfixed7_Kbam20_test1000_linear_quadratic_sin_2pi_no_forests_hetero_ar1_rho0p5.csv",200,8,20,"n=200, T=8",47.9955059630746
"sin_2pi","linear FD",0.230599099983806,0.00743047640201224,0.000234972295304916,0.230208474831779,0.480145250530068,NA,NA,NA,NA,NA,NA,"hetero_ar1",0.5,"panel_fe_test_mse_summary_M1000_n200_T8_Kfixed7_Kbam20_test1000_linear_quadratic_sin_2pi_no_forests_hetero_ar1_rho0p5.csv",200,8,20,"n=200, T=8",48.0145250530068
"sin_2pi","spline FE, fixed K",0.000320453295664667,0.00018267660296509,5.77674140591954e-06,0.000288343878993469,0.0172331219097441,NA,NA,NA,NA,NA,NA,"hetero_ar1",0.5,"panel_fe_test_mse_summary_M1000_n200_T8_Kfixed7_Kbam20_test1000_linear_quadratic_sin_2pi_no_forests_hetero_ar1_rho0p5.csv",200,8,20,"n=200, T=8",1.72331219097441
"sin_2pi","FD spline, fixed K",0.000255534615617536,0.000140863428574156,4.45449273314778e-06,0.000235102857315229,0.0154110588745772,NA,NA,NA,NA,NA,NA,"hetero_ar1",0.5,"panel_fe_test_mse_summary_M1000_n200_T8_Kfixed7_Kbam20_test1000_linear_quadratic_sin_2pi_no_forests_hetero_ar1_rho0p5.csv",200,8,20,"n=200, T=8",1.54110588745772
"sin_2pi","mgcv::bam FE",0.000441389291531772,0.000197848327146495,6.25651345037045e-06,0.000407361753680332,0.0205219261054263,20,12.7445738101927,19,0.670767042641724,0,0,"hetero_ar1",0.5,"panel_fe_test_mse_summary_M1000_n200_T8_Kfixed7_Kbam20_test1000_linear_quadratic_sin_2pi_no_forests_hetero_ar1_rho0p5.csv",200,8,20,"n=200, T=8",2.05219261054263
"sin_2pi","mgcv::bam RE",0.000443820841466434,0.000201907269913571,6.38486849073274e-06,0.000410190228517474,0.0205621736255556,20,12.7447996331953,19,0.67077892806291,0,0,"hetero_ar1",0.5,"panel_fe_test_mse_summary_M1000_n200_T8_Kfixed7_Kbam20_test1000_linear_quadratic_sin_2pi_no_forests_hetero_ar1_rho0p5.csv",200,8,20,"n=200, T=8",2.05621736255556
"sin_2pi","mgcv::bam FD",0.000378713295606348,0.000161220176065391,5.09822961139998e-06,0.000352070370002638,0.0190376318604798,20,13.7048357214357,19,0.72130714323346,0,0,"hetero_ar1",0.5,"panel_fe_test_mse_summary_M1000_n200_T8_Kfixed7_Kbam20_test1000_linear_quadratic_sin_2pi_no_forests_hetero_ar1_rho0p5.csv",200,8,20,"n=200, T=8",1.90376318604798
"linear","linear FE",9.49206179156355e-05,0.000139049782085107,4.39714019539017e-06,4.12176478173468e-05,0.00771979470151943,NA,NA,NA,NA,NA,NA,"hetero_ar1",0.5,"panel_fe_test_mse_summary_M1000_n200_T8_Kfixed7_Kbam40_test1000_linear_quadratic_sin_2pi_no_forests_hetero_ar1_rho0p5.csv",200,8,40,"n=200, T=8",0.771979470151943
"linear","linear FD",7.22738538457635e-05,9.93110454933627e-05,3.14049100571626e-06,3.32786481893218e-05,0.00680040651089717,NA,NA,NA,NA,NA,NA,"hetero_ar1",0.5,"panel_fe_test_mse_summary_M1000_n200_T8_Kfixed7_Kbam40_test1000_linear_quadratic_sin_2pi_no_forests_hetero_ar1_rho0p5.csv",200,8,40,"n=200, T=8",0.680040651089717
"linear","spline FE, fixed K",0.000317974693989617,0.000198495865291472,6.27699040447014e-06,0.000267159406485893,0.0170422048880468,NA,NA,NA,NA,NA,NA,"hetero_ar1",0.5,"panel_fe_test_mse_summary_M1000_n200_T8_Kfixed7_Kbam40_test1000_linear_quadratic_sin_2pi_no_forests_hetero_ar1_rho0p5.csv",200,8,40,"n=200, T=8",1.70422048880468
"linear","FD spline, fixed K",0.000246758856249966,0.000147690265617546,4.670376275867e-06,0.000217762993960208,0.0150372355631803,NA,NA,NA,NA,NA,NA,"hetero_ar1",0.5,"panel_fe_test_mse_summary_M1000_n200_T8_Kfixed7_Kbam40_test1000_linear_quadratic_sin_2pi_no_forests_hetero_ar1_rho0p5.csv",200,8,40,"n=200, T=8",1.50372355631803
"linear","mgcv::bam FE",0.000115829904314816,0.000153302552769115,4.84785237868556e-06,5.65716140714516e-05,0.0088169454644564,40,1.33035156624464,39,0.0341115786216575,0,0,"hetero_ar1",0.5,"panel_fe_test_mse_summary_M1000_n200_T8_Kfixed7_Kbam40_test1000_linear_quadratic_sin_2pi_no_forests_hetero_ar1_rho0p5.csv",200,8,40,"n=200, T=8",0.88169454644564
"linear","mgcv::bam RE",0.000116975312592125,0.000157497046547092,4.98049391838367e-06,5.73153699007986e-05,0.00884904634778921,40,1.34627218982948,39,0.0345197997392173,0,0,"hetero_ar1",0.5,"panel_fe_test_mse_summary_M1000_n200_T8_Kfixed7_Kbam40_test1000_linear_quadratic_sin_2pi_no_forests_hetero_ar1_rho0p5.csv",200,8,40,"n=200, T=8",0.884904634778921
"linear","mgcv::bam FD",9.33355270855399e-05,0.000111064654726558,3.51217276476109e-06,5.49994868561941e-05,0.00807166305719026,40,1.50030658663139,39,0.0384693996572152,0,0,"hetero_ar1",0.5,"panel_fe_test_mse_summary_M1000_n200_T8_Kfixed7_Kbam40_test1000_linear_quadratic_sin_2pi_no_forests_hetero_ar1_rho0p5.csv",200,8,40,"n=200, T=8",0.807166305719026
"quadratic","linear FE",0.00349174150277907,0.000229632196081517,7.26160763723986e-06,0.0034653664037756,0.0590600681929323,NA,NA,NA,NA,NA,NA,"hetero_ar1",0.5,"panel_fe_test_mse_summary_M1000_n200_T8_Kfixed7_Kbam40_test1000_linear_quadratic_sin_2pi_no_forests_hetero_ar1_rho0p5.csv",200,8,40,"n=200, T=8",5.90600681929323
"quadratic","linear FD",0.00347882096232184,0.000218170057622217,6.89914299336385e-06,0.00345538191514204,0.0589535029308039,NA,NA,NA,NA,NA,NA,"hetero_ar1",0.5,"panel_fe_test_mse_summary_M1000_n200_T8_Kfixed7_Kbam40_test1000_linear_quadratic_sin_2pi_no_forests_hetero_ar1_rho0p5.csv",200,8,40,"n=200, T=8",5.89535029308039
"quadratic","spline FE, fixed K",0.000317872972375044,0.000184440241906883,5.83251256618189e-06,0.000278999041683942,0.0171349134814569,NA,NA,NA,NA,NA,NA,"hetero_ar1",0.5,"panel_fe_test_mse_summary_M1000_n200_T8_Kfixed7_Kbam40_test1000_linear_quadratic_sin_2pi_no_forests_hetero_ar1_rho0p5.csv",200,8,40,"n=200, T=8",1.71349134814569
"quadratic","FD spline, fixed K",0.000247845370970805,0.000145939140536203,4.6150008386181e-06,0.000220093090837792,0.0151148868551831,NA,NA,NA,NA,NA,NA,"hetero_ar1",0.5,"panel_fe_test_mse_summary_M1000_n200_T8_Kfixed7_Kbam40_test1000_linear_quadratic_sin_2pi_no_forests_hetero_ar1_rho0p5.csv",200,8,40,"n=200, T=8",1.51148868551831
"quadratic","mgcv::bam FE",0.000199286983097691,0.000158411201825822,5.0094020465422e-06,0.000155343423802171,0.0131983200793323,40,4.33816035428613,39,0.111234880879132,0,0,"hetero_ar1",0.5,"panel_fe_test_mse_summary_M1000_n200_T8_Kfixed7_Kbam40_test1000_linear_quadratic_sin_2pi_no_forests_hetero_ar1_rho0p5.csv",200,8,40,"n=200, T=8",1.31983200793323
"quadratic","mgcv::bam RE",0.000200449893744746,0.000156344350921326,4.94404248212036e-06,0.000157025055430443,0.0132579160204933,40,4.34263790414808,39,0.111349689849951,0,0,"hetero_ar1",0.5,"panel_fe_test_mse_summary_M1000_n200_T8_Kfixed7_Kbam40_test1000_linear_quadratic_sin_2pi_no_forests_hetero_ar1_rho0p5.csv",200,8,40,"n=200, T=8",1.32579160204933
"quadratic","mgcv::bam FD",0.000164208011474019,0.00012277037094668,3.8823400137527e-06,0.00013261042698457,0.0120440791140953,40,4.86458950428869,39,0.12473306421253,0,0,"hetero_ar1",0.5,"panel_fe_test_mse_summary_M1000_n200_T8_Kfixed7_Kbam40_test1000_linear_quadratic_sin_2pi_no_forests_hetero_ar1_rho0p5.csv",200,8,40,"n=200, T=8",1.20440791140953
"sin_2pi","linear FE",0.230413239602272,0.0072140429123005,0.000228128067410639,0.23022371780682,0.479955059630746,NA,NA,NA,NA,NA,NA,"hetero_ar1",0.5,"panel_fe_test_mse_summary_M1000_n200_T8_Kfixed7_Kbam40_test1000_linear_quadratic_sin_2pi_no_forests_hetero_ar1_rho0p5.csv",200,8,40,"n=200, T=8",47.9955059630746
"sin_2pi","linear FD",0.230599099983806,0.00743047640201224,0.000234972295304916,0.230208474831779,0.480145250530068,NA,NA,NA,NA,NA,NA,"hetero_ar1",0.5,"panel_fe_test_mse_summary_M1000_n200_T8_Kfixed7_Kbam40_test1000_linear_quadratic_sin_2pi_no_forests_hetero_ar1_rho0p5.csv",200,8,40,"n=200, T=8",48.0145250530068
"sin_2pi","spline FE, fixed K",0.000320453295664667,0.00018267660296509,5.77674140591954e-06,0.000288343878993469,0.0172331219097441,NA,NA,NA,NA,NA,NA,"hetero_ar1",0.5,"panel_fe_test_mse_summary_M1000_n200_T8_Kfixed7_Kbam40_test1000_linear_quadratic_sin_2pi_no_forests_hetero_ar1_rho0p5.csv",200,8,40,"n=200, T=8",1.72331219097441
"sin_2pi","FD spline, fixed K",0.000255534615617536,0.000140863428574156,4.45449273314778e-06,0.000235102857315229,0.0154110588745772,NA,NA,NA,NA,NA,NA,"hetero_ar1",0.5,"panel_fe_test_mse_summary_M1000_n200_T8_Kfixed7_Kbam40_test1000_linear_quadratic_sin_2pi_no_forests_hetero_ar1_rho0p5.csv",200,8,40,"n=200, T=8",1.54110588745772
"sin_2pi","mgcv::bam FE",0.000443886449531479,0.000198110690601659,6.26481011130155e-06,0.000408853670923301,0.0205844553876415,40,13.6432159083427,39,0.349826048931863,0,0,"hetero_ar1",0.5,"panel_fe_test_mse_summary_M1000_n200_T8_Kfixed7_Kbam40_test1000_linear_quadratic_sin_2pi_no_forests_hetero_ar1_rho0p5.csv",200,8,40,"n=200, T=8",2.05844553876415
"sin_2pi","mgcv::bam RE",0.000446300205495483,0.000202193144556283,6.39390864069529e-06,0.000412153155133777,0.0206243246923273,40,13.6433887667326,39,0.349830481198272,0,0,"hetero_ar1",0.5,"panel_fe_test_mse_summary_M1000_n200_T8_Kfixed7_Kbam40_test1000_linear_quadratic_sin_2pi_no_forests_hetero_ar1_rho0p5.csv",200,8,40,"n=200, T=8",2.06243246923273
"sin_2pi","mgcv::bam FD",0.000383855637311305,0.000161840337597733,5.11784084099421e-06,0.000356205831714771,0.0191745915047113,40,15.0578954224824,39,0.386099882627754,0,0,"hetero_ar1",0.5,"panel_fe_test_mse_summary_M1000_n200_T8_Kfixed7_Kbam40_test1000_linear_quadratic_sin_2pi_no_forests_hetero_ar1_rho0p5.csv",200,8,40,"n=200, T=8",1.91745915047113
"linear","linear FE",6.55465739652937e-05,9.7140616713999e-05,3.07185602129658e-06,2.82767750904095e-05,0.00640675174369392,NA,NA,NA,NA,NA,NA,"hetero_ar1",0.5,"panel_fe_test_mse_summary_M1000_n500_T4_Kfixed7_Kbam10_test1000_linear_quadratic_sin_2pi_no_forests_hetero_ar1_rho0p5.csv",500,4,10,"n=500, T=4",0.640675174369392
"linear","linear FD",6.35116602121399e-05,9.30498717606856e-05,2.94249530750349e-06,2.88327967802168e-05,0.00631875636706608,NA,NA,NA,NA,NA,NA,"hetero_ar1",0.5,"panel_fe_test_mse_summary_M1000_n500_T4_Kfixed7_Kbam10_test1000_linear_quadratic_sin_2pi_no_forests_hetero_ar1_rho0p5.csv",500,4,10,"n=500, T=4",0.631875636706608
"linear","spline FE, fixed K",0.000240806406792904,0.000142968446084472,4.52105923161914e-06,0.000210441889530662,0.0148870819469186,NA,NA,NA,NA,NA,NA,"hetero_ar1",0.5,"panel_fe_test_mse_summary_M1000_n500_T4_Kfixed7_Kbam10_test1000_linear_quadratic_sin_2pi_no_forests_hetero_ar1_rho0p5.csv",500,4,10,"n=500, T=4",1.48870819469186
"linear","FD spline, fixed K",0.000223983841270716,0.00013440781113505,4.25034818504498e-06,0.000196477294105377,0.0143326261601317,NA,NA,NA,NA,NA,NA,"hetero_ar1",0.5,"panel_fe_test_mse_summary_M1000_n500_T4_Kfixed7_Kbam10_test1000_linear_quadratic_sin_2pi_no_forests_hetero_ar1_rho0p5.csv",500,4,10,"n=500, T=4",1.43326261601317
"linear","mgcv::bam FE",8.2325203468058e-05,0.000107175518805369,3.38918748835176e-06,4.29922604807387e-05,0.0074376901263616,10,1.33893740869544,9,0.148770823188382,0,0,"hetero_ar1",0.5,"panel_fe_test_mse_summary_M1000_n500_T4_Kfixed7_Kbam10_test1000_linear_quadratic_sin_2pi_no_forests_hetero_ar1_rho0p5.csv",500,4,10,"n=500, T=4",0.74376901263616
"linear","mgcv::bam RE",9.27255044005575e-05,0.000116523408197039,3.68479370628177e-06,4.91596197550786e-05,0.0079523306571864,10,1.33224769224487,9,0.148027521360541,0,0,"hetero_ar1",0.5,"panel_fe_test_mse_summary_M1000_n500_T4_Kfixed7_Kbam10_test1000_linear_quadratic_sin_2pi_no_forests_hetero_ar1_rho0p5.csv",500,4,10,"n=500, T=4",0.79523306571864
"linear","mgcv::bam FD",8.29906176866395e-05,0.000102637578622988,3.2456852197325e-06,4.54312381757813e-05,0.00756674501546523,10,1.47572872647049,9,0.163969858496721,0,0,"hetero_ar1",0.5,"panel_fe_test_mse_summary_M1000_n500_T4_Kfixed7_Kbam10_test1000_linear_quadratic_sin_2pi_no_forests_hetero_ar1_rho0p5.csv",500,4,10,"n=500, T=4",0.756674501546523
"quadratic","linear FE",0.00347497876792357,0.000201040407647965,6.35745589896305e-06,0.0034576259169283,0.058924702352833,NA,NA,NA,NA,NA,NA,"hetero_ar1",0.5,"panel_fe_test_mse_summary_M1000_n500_T4_Kfixed7_Kbam10_test1000_linear_quadratic_sin_2pi_no_forests_hetero_ar1_rho0p5.csv",500,4,10,"n=500, T=4",5.8924702352833
"quadratic","linear FD",0.00346931971695173,0.000198085498068707,6.26401345345998e-06,0.00345542463075504,0.0588774045673186,NA,NA,NA,NA,NA,NA,"hetero_ar1",0.5,"panel_fe_test_mse_summary_M1000_n500_T4_Kfixed7_Kbam10_test1000_linear_quadratic_sin_2pi_no_forests_hetero_ar1_rho0p5.csv",500,4,10,"n=500, T=4",5.88774045673186
"quadratic","spline FE, fixed K",0.000244156444405658,0.000144885156764412,4.58167094526095e-06,0.000215592976019476,0.0149912599955435,NA,NA,NA,NA,NA,NA,"hetero_ar1",0.5,"panel_fe_test_mse_summary_M1000_n500_T4_Kfixed7_Kbam10_test1000_linear_quadratic_sin_2pi_no_forests_hetero_ar1_rho0p5.csv",500,4,10,"n=500, T=4",1.49912599955435
"quadratic","FD spline, fixed K",0.000222568979773185,0.0001403118212677,4.43704937852387e-06,0.000191738687773196,0.0142537202678919,NA,NA,NA,NA,NA,NA,"hetero_ar1",0.5,"panel_fe_test_mse_summary_M1000_n500_T4_Kfixed7_Kbam10_test1000_linear_quadratic_sin_2pi_no_forests_hetero_ar1_rho0p5.csv",500,4,10,"n=500, T=4",1.42537202678919
"quadratic","mgcv::bam FE",0.000157043707825573,0.000124307604338789,3.93095160189602e-06,0.000121041182384651,0.011692006454013,10,4.44870857054615,9,0.494300952282905,0,0,"hetero_ar1",0.5,"panel_fe_test_mse_summary_M1000_n500_T4_Kfixed7_Kbam10_test1000_linear_quadratic_sin_2pi_no_forests_hetero_ar1_rho0p5.csv",500,4,10,"n=500, T=4",1.1692006454013
"quadratic","mgcv::bam RE",0.000168776671879681,0.000135956784560619,4.2993310256437e-06,0.000130797978353268,0.0121057142328258,10,4.44967900047339,9,0.494408777830377,0,0,"hetero_ar1",0.5,"panel_fe_test_mse_summary_M1000_n500_T4_Kfixed7_Kbam10_test1000_linear_quadratic_sin_2pi_no_forests_hetero_ar1_rho0p5.csv",500,4,10,"n=500, T=4",1.21057142328258
"quadratic","mgcv::bam FD",0.000148021759420105,0.000121305496866323,3.83601662795999e-06,0.000114992286510143,0.0113372609601711,10,4.73289503598513,9,0.52587722622057,0,0,"hetero_ar1",0.5,"panel_fe_test_mse_summary_M1000_n500_T4_Kfixed7_Kbam10_test1000_linear_quadratic_sin_2pi_no_forests_hetero_ar1_rho0p5.csv",500,4,10,"n=500, T=4",1.13372609601711
"sin_2pi","linear FE",0.229985517311658,0.00694399516501693,0.000219588407826503,0.23005589183563,0.47951338338295,NA,NA,NA,NA,NA,NA,"hetero_ar1",0.5,"panel_fe_test_mse_summary_M1000_n500_T4_Kfixed7_Kbam10_test1000_linear_quadratic_sin_2pi_no_forests_hetero_ar1_rho0p5.csv",500,4,10,"n=500, T=4",47.951338338295
"sin_2pi","linear FD",0.230144897336847,0.00705974748358117,0.000223248817537587,0.230210834043453,0.479677745783815,NA,NA,NA,NA,NA,NA,"hetero_ar1",0.5,"panel_fe_test_mse_summary_M1000_n500_T4_Kfixed7_Kbam10_test1000_linear_quadratic_sin_2pi_no_forests_hetero_ar1_rho0p5.csv",500,4,10,"n=500, T=4",47.9677745783815
"sin_2pi","spline FE, fixed K",0.000245124693219765,0.000133475540568741,4.22086720119427e-06,0.000222104215334545,0.0151010076356597,NA,NA,NA,NA,NA,NA,"hetero_ar1",0.5,"panel_fe_test_mse_summary_M1000_n500_T4_Kfixed7_Kbam10_test1000_linear_quadratic_sin_2pi_no_forests_hetero_ar1_rho0p5.csv",500,4,10,"n=500, T=4",1.51010076356597
"sin_2pi","FD spline, fixed K",0.000226300454469382,0.000124494576071004,3.93686416721468e-06,0.000205458463727323,0.0145007508449808,NA,NA,NA,NA,NA,NA,"hetero_ar1",0.5,"panel_fe_test_mse_summary_M1000_n500_T4_Kfixed7_Kbam10_test1000_linear_quadratic_sin_2pi_no_forests_hetero_ar1_rho0p5.csv",500,4,10,"n=500, T=4",1.45007508449808
"sin_2pi","mgcv::bam FE",0.000284099319752579,0.000140275329055459,4.43589539344846e-06,0.000263706142804289,0.0163671050704344,10,8.73802352670188,9,0.970891502966876,1,1,"hetero_ar1",0.5,"panel_fe_test_mse_summary_M1000_n500_T4_Kfixed7_Kbam10_test1000_linear_quadratic_sin_2pi_no_forests_hetero_ar1_rho0p5.csv",500,4,10,"n=500, T=4",1.63671050704344
"sin_2pi","mgcv::bam RE",0.000465741097812395,0.00129911928041709,4.108175878357e-05,0.000274844742816954,0.0181240955836445,10,8.72479168675078,9,0.969421298527864,0.983,0.983,"hetero_ar1",0.5,"panel_fe_test_mse_summary_M1000_n500_T4_Kfixed7_Kbam10_test1000_linear_quadratic_sin_2pi_no_forests_hetero_ar1_rho0p5.csv",500,4,10,"n=500, T=4",1.81240955836445
"sin_2pi","mgcv::bam FD",0.000266042499054942,0.000131239393510317,4.15015402231724e-06,0.000240954851845952,0.0158446114179415,10,8.79159845838411,9,0.97684427315379,1,1,"hetero_ar1",0.5,"panel_fe_test_mse_summary_M1000_n500_T4_Kfixed7_Kbam10_test1000_linear_quadratic_sin_2pi_no_forests_hetero_ar1_rho0p5.csv",500,4,10,"n=500, T=4",1.58446114179415
"linear","linear FE",6.55465739652937e-05,9.7140616713999e-05,3.07185602129658e-06,2.82767750904095e-05,0.00640675174369392,NA,NA,NA,NA,NA,NA,"hetero_ar1",0.5,"panel_fe_test_mse_summary_M1000_n500_T4_Kfixed7_Kbam20_test1000_linear_quadratic_sin_2pi_no_forests_hetero_ar1_rho0p5.csv",500,4,20,"n=500, T=4",0.640675174369392
"linear","linear FD",6.35116602121399e-05,9.30498717606856e-05,2.94249530750349e-06,2.88327967802168e-05,0.00631875636706608,NA,NA,NA,NA,NA,NA,"hetero_ar1",0.5,"panel_fe_test_mse_summary_M1000_n500_T4_Kfixed7_Kbam20_test1000_linear_quadratic_sin_2pi_no_forests_hetero_ar1_rho0p5.csv",500,4,20,"n=500, T=4",0.631875636706608
"linear","spline FE, fixed K",0.000240806406792904,0.000142968446084472,4.52105923161914e-06,0.000210441889530662,0.0148870819469186,NA,NA,NA,NA,NA,NA,"hetero_ar1",0.5,"panel_fe_test_mse_summary_M1000_n500_T4_Kfixed7_Kbam20_test1000_linear_quadratic_sin_2pi_no_forests_hetero_ar1_rho0p5.csv",500,4,20,"n=500, T=4",1.48870819469186
"linear","FD spline, fixed K",0.000223983841270716,0.00013440781113505,4.25034818504498e-06,0.000196477294105377,0.0143326261601317,NA,NA,NA,NA,NA,NA,"hetero_ar1",0.5,"panel_fe_test_mse_summary_M1000_n500_T4_Kfixed7_Kbam20_test1000_linear_quadratic_sin_2pi_no_forests_hetero_ar1_rho0p5.csv",500,4,20,"n=500, T=4",1.43326261601317
"linear","mgcv::bam FE",8.23307639335432e-05,0.000107215110641393,3.39043949213759e-06,4.28394953324595e-05,0.00743730781295553,20,1.3416224640957,19,0.0706117086366155,0,0,"hetero_ar1",0.5,"panel_fe_test_mse_summary_M1000_n500_T4_Kfixed7_Kbam20_test1000_linear_quadratic_sin_2pi_no_forests_hetero_ar1_rho0p5.csv",500,4,20,"n=500, T=4",0.743730781295553
"linear","mgcv::bam RE",9.27437393199533e-05,0.000116561376211862,3.68599436033252e-06,4.92393391605247e-05,0.00795283518280361,20,1.33581430200906,19,0.0703060158952138,0,0,"hetero_ar1",0.5,"panel_fe_test_mse_summary_M1000_n500_T4_Kfixed7_Kbam20_test1000_linear_quadratic_sin_2pi_no_forests_hetero_ar1_rho0p5.csv",500,4,20,"n=500, T=4",0.795283518280361
"linear","mgcv::bam FD",8.31692031125342e-05,0.000102980181877464,3.2565192859118e-06,4.54312280425331e-05,0.00757421479490789,20,1.48703434916188,19,0.0782649657453622,0,0,"hetero_ar1",0.5,"panel_fe_test_mse_summary_M1000_n500_T4_Kfixed7_Kbam20_test1000_linear_quadratic_sin_2pi_no_forests_hetero_ar1_rho0p5.csv",500,4,20,"n=500, T=4",0.757421479490789
"quadratic","linear FE",0.00347497876792357,0.000201040407647965,6.35745589896305e-06,0.0034576259169283,0.058924702352833,NA,NA,NA,NA,NA,NA,"hetero_ar1",0.5,"panel_fe_test_mse_summary_M1000_n500_T4_Kfixed7_Kbam20_test1000_linear_quadratic_sin_2pi_no_forests_hetero_ar1_rho0p5.csv",500,4,20,"n=500, T=4",5.8924702352833
"quadratic","linear FD",0.00346931971695173,0.000198085498068707,6.26401345345998e-06,0.00345542463075504,0.0588774045673186,NA,NA,NA,NA,NA,NA,"hetero_ar1",0.5,"panel_fe_test_mse_summary_M1000_n500_T4_Kfixed7_Kbam20_test1000_linear_quadratic_sin_2pi_no_forests_hetero_ar1_rho0p5.csv",500,4,20,"n=500, T=4",5.88774045673186
"quadratic","spline FE, fixed K",0.000244156444405658,0.000144885156764412,4.58167094526095e-06,0.000215592976019476,0.0149912599955435,NA,NA,NA,NA,NA,NA,"hetero_ar1",0.5,"panel_fe_test_mse_summary_M1000_n500_T4_Kfixed7_Kbam20_test1000_linear_quadratic_sin_2pi_no_forests_hetero_ar1_rho0p5.csv",500,4,20,"n=500, T=4",1.49912599955435
"quadratic","FD spline, fixed K",0.000222568979773185,0.0001403118212677,4.43704937852387e-06,0.000191738687773196,0.0142537202678919,NA,NA,NA,NA,NA,NA,"hetero_ar1",0.5,"panel_fe_test_mse_summary_M1000_n500_T4_Kfixed7_Kbam20_test1000_linear_quadratic_sin_2pi_no_forests_hetero_ar1_rho0p5.csv",500,4,20,"n=500, T=4",1.42537202678919
"quadratic","mgcv::bam FE",0.000157085505277061,0.000124260453683331,3.92946056725186e-06,0.000121126869193784,0.0116944264604913,20,4.56051305702193,19,0.240027003001154,0,0,"hetero_ar1",0.5,"panel_fe_test_mse_summary_M1000_n500_T4_Kfixed7_Kbam20_test1000_linear_quadratic_sin_2pi_no_forests_hetero_ar1_rho0p5.csv",500,4,20,"n=500, T=4",1.16944264604913
"quadratic","mgcv::bam RE",0.000168798888973987,0.000135864268538416,4.29640541214151e-06,0.000131024546049013,0.0121077025148994,20,4.56126833118301,19,0.24006675427279,0,0,"hetero_ar1",0.5,"panel_fe_test_mse_summary_M1000_n500_T4_Kfixed7_Kbam20_test1000_linear_quadratic_sin_2pi_no_forests_hetero_ar1_rho0p5.csv",500,4,20,"n=500, T=4",1.21077025148994
"quadratic","mgcv::bam FD",0.000148539151481499,0.000121402905957897,3.83909697390181e-06,0.000115988452339245,0.0113592893810741,20,4.89578006533927,19,0.257672635017856,0,0,"hetero_ar1",0.5,"panel_fe_test_mse_summary_M1000_n500_T4_Kfixed7_Kbam20_test1000_linear_quadratic_sin_2pi_no_forests_hetero_ar1_rho0p5.csv",500,4,20,"n=500, T=4",1.13592893810741
"sin_2pi","linear FE",0.229985517311658,0.00694399516501693,0.000219588407826503,0.23005589183563,0.47951338338295,NA,NA,NA,NA,NA,NA,"hetero_ar1",0.5,"panel_fe_test_mse_summary_M1000_n500_T4_Kfixed7_Kbam20_test1000_linear_quadratic_sin_2pi_no_forests_hetero_ar1_rho0p5.csv",500,4,20,"n=500, T=4",47.951338338295
"sin_2pi","linear FD",0.230144897336847,0.00705974748358117,0.000223248817537587,0.230210834043453,0.479677745783815,NA,NA,NA,NA,NA,NA,"hetero_ar1",0.5,"panel_fe_test_mse_summary_M1000_n500_T4_Kfixed7_Kbam20_test1000_linear_quadratic_sin_2pi_no_forests_hetero_ar1_rho0p5.csv",500,4,20,"n=500, T=4",47.9677745783815
"sin_2pi","spline FE, fixed K",0.000245124693219765,0.000133475540568741,4.22086720119427e-06,0.000222104215334545,0.0151010076356597,NA,NA,NA,NA,NA,NA,"hetero_ar1",0.5,"panel_fe_test_mse_summary_M1000_n500_T4_Kfixed7_Kbam20_test1000_linear_quadratic_sin_2pi_no_forests_hetero_ar1_rho0p5.csv",500,4,20,"n=500, T=4",1.51010076356597
"sin_2pi","FD spline, fixed K",0.000226300454469382,0.000124494576071004,3.93686416721468e-06,0.000205458463727323,0.0145007508449808,NA,NA,NA,NA,NA,NA,"hetero_ar1",0.5,"panel_fe_test_mse_summary_M1000_n500_T4_Kfixed7_Kbam20_test1000_linear_quadratic_sin_2pi_no_forests_hetero_ar1_rho0p5.csv",500,4,20,"n=500, T=4",1.45007508449808
"sin_2pi","mgcv::bam FE",0.000351027188566106,0.000148622972650265,4.69987106199748e-06,0.000328954138332023,0.0183378346037508,20,13.2568648122974,19,0.697729726963022,0,0,"hetero_ar1",0.5,"panel_fe_test_mse_summary_M1000_n500_T4_Kfixed7_Kbam20_test1000_linear_quadratic_sin_2pi_no_forests_hetero_ar1_rho0p5.csv",500,4,20,"n=500, T=4",1.83378346037508
"sin_2pi","mgcv::bam RE",0.000362979541623694,0.000157624598494601,4.98452746512486e-06,0.000338032331515498,0.0186215815475085,20,13.2596487710329,19,0.697876251106995,0,0,"hetero_ar1",0.5,"panel_fe_test_mse_summary_M1000_n500_T4_Kfixed7_Kbam20_test1000_linear_quadratic_sin_2pi_no_forests_hetero_ar1_rho0p5.csv",500,4,20,"n=500, T=4",1.86215815475085
"sin_2pi","mgcv::bam FD",0.000339882409087034,0.000140588319685881,4.44579302623273e-06,0.000315939824788145,0.0180683527332679,20,13.8204614530887,19,0.7273927080573,0,0,"hetero_ar1",0.5,"panel_fe_test_mse_summary_M1000_n500_T4_Kfixed7_Kbam20_test1000_linear_quadratic_sin_2pi_no_forests_hetero_ar1_rho0p5.csv",500,4,20,"n=500, T=4",1.80683527332679
"linear","linear FE",6.55465739652937e-05,9.7140616713999e-05,3.07185602129658e-06,2.82767750904095e-05,0.00640675174369392,NA,NA,NA,NA,NA,NA,"hetero_ar1",0.5,"panel_fe_test_mse_summary_M1000_n500_T4_Kfixed7_Kbam40_test1000_linear_quadratic_sin_2pi_no_forests_hetero_ar1_rho0p5.csv",500,4,40,"n=500, T=4",0.640675174369392
"linear","linear FD",6.35116602121399e-05,9.30498717606856e-05,2.94249530750349e-06,2.88327967802168e-05,0.00631875636706608,NA,NA,NA,NA,NA,NA,"hetero_ar1",0.5,"panel_fe_test_mse_summary_M1000_n500_T4_Kfixed7_Kbam40_test1000_linear_quadratic_sin_2pi_no_forests_hetero_ar1_rho0p5.csv",500,4,40,"n=500, T=4",0.631875636706608
"linear","spline FE, fixed K",0.000240806406792904,0.000142968446084472,4.52105923161914e-06,0.000210441889530662,0.0148870819469186,NA,NA,NA,NA,NA,NA,"hetero_ar1",0.5,"panel_fe_test_mse_summary_M1000_n500_T4_Kfixed7_Kbam40_test1000_linear_quadratic_sin_2pi_no_forests_hetero_ar1_rho0p5.csv",500,4,40,"n=500, T=4",1.48870819469186
"linear","FD spline, fixed K",0.000223983841270716,0.00013440781113505,4.25034818504498e-06,0.000196477294105377,0.0143326261601317,NA,NA,NA,NA,NA,NA,"hetero_ar1",0.5,"panel_fe_test_mse_summary_M1000_n500_T4_Kfixed7_Kbam40_test1000_linear_quadratic_sin_2pi_no_forests_hetero_ar1_rho0p5.csv",500,4,40,"n=500, T=4",1.43326261601317
"linear","mgcv::bam FE",8.23304102609797e-05,0.000107216594381671,3.39048641212492e-06,4.28392181764143e-05,0.0074372599597267,40,1.34198379601584,39,0.0344098409234831,0,0,"hetero_ar1",0.5,"panel_fe_test_mse_summary_M1000_n500_T4_Kfixed7_Kbam40_test1000_linear_quadratic_sin_2pi_no_forests_hetero_ar1_rho0p5.csv",500,4,40,"n=500, T=4",0.74372599597267
"linear","mgcv::bam RE",9.29604565834615e-05,0.000116594231882789,3.68703334787436e-06,4.94689137727073e-05,0.0079661183101566,40,1.34488087632774,39,0.0344841250340445,0,0,"hetero_ar1",0.5,"panel_fe_test_mse_summary_M1000_n500_T4_Kfixed7_Kbam40_test1000_linear_quadratic_sin_2pi_no_forests_hetero_ar1_rho0p5.csv",500,4,40,"n=500, T=4",0.79661183101566
"linear","mgcv::bam FD",8.321277320173e-05,0.000103106787778017,3.26052291602146e-06,4.54311315202388e-05,0.00757548720438182,40,1.48842227204481,39,0.0381646736421747,0,0,"hetero_ar1",0.5,"panel_fe_test_mse_summary_M1000_n500_T4_Kfixed7_Kbam40_test1000_linear_quadratic_sin_2pi_no_forests_hetero_ar1_rho0p5.csv",500,4,40,"n=500, T=4",0.757548720438182
"quadratic","linear FE",0.00347497876792357,0.000201040407647965,6.35745589896305e-06,0.0034576259169283,0.058924702352833,NA,NA,NA,NA,NA,NA,"hetero_ar1",0.5,"panel_fe_test_mse_summary_M1000_n500_T4_Kfixed7_Kbam40_test1000_linear_quadratic_sin_2pi_no_forests_hetero_ar1_rho0p5.csv",500,4,40,"n=500, T=4",5.8924702352833
"quadratic","linear FD",0.00346931971695173,0.000198085498068707,6.26401345345998e-06,0.00345542463075504,0.0588774045673186,NA,NA,NA,NA,NA,NA,"hetero_ar1",0.5,"panel_fe_test_mse_summary_M1000_n500_T4_Kfixed7_Kbam40_test1000_linear_quadratic_sin_2pi_no_forests_hetero_ar1_rho0p5.csv",500,4,40,"n=500, T=4",5.88774045673186
"quadratic","spline FE, fixed K",0.000244156444405658,0.000144885156764412,4.58167094526095e-06,0.000215592976019476,0.0149912599955435,NA,NA,NA,NA,NA,NA,"hetero_ar1",0.5,"panel_fe_test_mse_summary_M1000_n500_T4_Kfixed7_Kbam40_test1000_linear_quadratic_sin_2pi_no_forests_hetero_ar1_rho0p5.csv",500,4,40,"n=500, T=4",1.49912599955435
"quadratic","FD spline, fixed K",0.000222568979773185,0.0001403118212677,4.43704937852387e-06,0.000191738687773196,0.0142537202678919,NA,NA,NA,NA,NA,NA,"hetero_ar1",0.5,"panel_fe_test_mse_summary_M1000_n500_T4_Kfixed7_Kbam40_test1000_linear_quadratic_sin_2pi_no_forests_hetero_ar1_rho0p5.csv",500,4,40,"n=500, T=4",1.42537202678919
"quadratic","mgcv::bam FE",0.000157092601648918,0.000124263801243612,3.92956642640278e-06,0.000121127018949208,0.0116946822633261,40,4.57258725851981,39,0.117245827141534,0,0,"hetero_ar1",0.5,"panel_fe_test_mse_summary_M1000_n500_T4_Kfixed7_Kbam40_test1000_linear_quadratic_sin_2pi_no_forests_hetero_ar1_rho0p5.csv",500,4,40,"n=500, T=4",1.16946822633261
"quadratic","mgcv::bam RE",0.000169556381854786,0.000136515184950023,4.31698919641214e-06,0.000131466065030627,0.01213476842821,40,4.58618269972575,39,0.117594428198096,0,0,"hetero_ar1",0.5,"panel_fe_test_mse_summary_M1000_n500_T4_Kfixed7_Kbam40_test1000_linear_quadratic_sin_2pi_no_forests_hetero_ar1_rho0p5.csv",500,4,40,"n=500, T=4",1.213476842821
"quadratic","mgcv::bam FD",0.000148575404644238,0.000121412625798067,3.83940434223609e-06,0.000116146689343134,0.011360779199756,40,4.9132486537096,39,0.125980734710503,0,0,"hetero_ar1",0.5,"panel_fe_test_mse_summary_M1000_n500_T4_Kfixed7_Kbam40_test1000_linear_quadratic_sin_2pi_no_forests_hetero_ar1_rho0p5.csv",500,4,40,"n=500, T=4",1.1360779199756
"sin_2pi","linear FE",0.229985517311658,0.00694399516501693,0.000219588407826503,0.23005589183563,0.47951338338295,NA,NA,NA,NA,NA,NA,"hetero_ar1",0.5,"panel_fe_test_mse_summary_M1000_n500_T4_Kfixed7_Kbam40_test1000_linear_quadratic_sin_2pi_no_forests_hetero_ar1_rho0p5.csv",500,4,40,"n=500, T=4",47.951338338295
"sin_2pi","linear FD",0.230144897336847,0.00705974748358117,0.000223248817537587,0.230210834043453,0.479677745783815,NA,NA,NA,NA,NA,NA,"hetero_ar1",0.5,"panel_fe_test_mse_summary_M1000_n500_T4_Kfixed7_Kbam40_test1000_linear_quadratic_sin_2pi_no_forests_hetero_ar1_rho0p5.csv",500,4,40,"n=500, T=4",47.9677745783815
"sin_2pi","spline FE, fixed K",0.000245124693219765,0.000133475540568741,4.22086720119427e-06,0.000222104215334545,0.0151010076356597,NA,NA,NA,NA,NA,NA,"hetero_ar1",0.5,"panel_fe_test_mse_summary_M1000_n500_T4_Kfixed7_Kbam40_test1000_linear_quadratic_sin_2pi_no_forests_hetero_ar1_rho0p5.csv",500,4,40,"n=500, T=4",1.51010076356597
"sin_2pi","FD spline, fixed K",0.000226300454469382,0.000124494576071004,3.93686416721468e-06,0.000205458463727323,0.0145007508449808,NA,NA,NA,NA,NA,NA,"hetero_ar1",0.5,"panel_fe_test_mse_summary_M1000_n500_T4_Kfixed7_Kbam40_test1000_linear_quadratic_sin_2pi_no_forests_hetero_ar1_rho0p5.csv",500,4,40,"n=500, T=4",1.45007508449808
"sin_2pi","mgcv::bam FE",0.00035353200694937,0.000148791352998007,4.70519571611826e-06,0.000330662376504994,0.0184079666473826,40,14.3437431962969,39,0.367788287084537,0,0,"hetero_ar1",0.5,"panel_fe_test_mse_summary_M1000_n500_T4_Kfixed7_Kbam40_test1000_linear_quadratic_sin_2pi_no_forests_hetero_ar1_rho0p5.csv",500,4,40,"n=500, T=4",1.84079666473826
"sin_2pi","mgcv::bam RE",0.000365488022022577,0.000157750050474837,4.98849460507012e-06,0.000339474122166441,0.0186911346067763,40,14.3474400964523,39,0.367883079396212,0,0,"hetero_ar1",0.5,"panel_fe_test_mse_summary_M1000_n500_T4_Kfixed7_Kbam40_test1000_linear_quadratic_sin_2pi_no_forests_hetero_ar1_rho0p5.csv",500,4,40,"n=500, T=4",1.86911346067763
"sin_2pi","mgcv::bam FD",0.000344633237244378,0.000141219860306876,4.46576409420534e-06,0.000320357284721243,0.018200626165825,40,15.2189106273898,39,0.390228477625379,0,0,"hetero_ar1",0.5,"panel_fe_test_mse_summary_M1000_n500_T4_Kfixed7_Kbam40_test1000_linear_quadratic_sin_2pi_no_forests_hetero_ar1_rho0p5.csv",500,4,40,"n=500, T=4",1.8200626165825
